"苏若鸣","110102197007059850","惠新东街19号","13104433368","葫芦岛市连山区虹螺山林场","R041739628669","2019-03-11"
"孙莎","110517197408214859","安苑路安苑东里1区2号楼","13806128656","黄山市黄山区芦山公益林场","O077877961125","2019-03-27"
"臧超","111008198606292313","苹果园大街与苹果园路交叉口西北50米","15108591119","铁力市东升林场","B085534245259","2019-03-16"
"平宏言","111118199210109689","马池口亭子庄村亭百路北口","15200724470","北京市房山区周口店林场","N020000074024","2019-03-03"
"酆俊峰","111809198706133630","西六环出口","15608502610","葫芦岛市连山区虹螺山林场","J055278085267","2019-05-22"
"杨莉桂","120118199109106448","七圣中街12号院爱琴海购物中心五层","15606032605","张家口市宣化区庞家堡林场","N041137473863","2019-05-28"
"安学祥","121506199201187224","大黄庄222号","15200284910","秦皇岛市海滨林场","A098872997333","2019-06-20"
"俞亮","130109197811286916","望京街道广顺北大街望京西园4区熊家城烤肉旁边","13901490610","秦皇岛市海滨林场","N042552959753","2019-05-16"
"任青倩","130411196912191895","新天地31号楼底商","15000598105","张家口市宣化区庞家堡林场","M053448336034","2019-04-19"
"廉风航","130416197408088724","宋庄镇小堡村北街18号","13908264606","南康市大山脑林场","P066015467079","2019-06-04"
"云平保","130711199603229370","复兴门内大街51号民族饭店2层","15503592895","七台河市东风林场","H009976035811","2019-05-20"
"葛言","130815198107194900","朝阳门南小街大方家胡同芳嘉园11号","13901876736","海林市新海林场","S053366649540","2019-06-12"
"顾宜可","131217199309113376","石门东路2号园","15808588951","龙泉市山坑林场","K068768050483","2019-06-11"
"姜萍红","131306199401311522","东三环北路38号院 民生保险大厦3层","13402145685","七台河市东风林场","P048586624015","2019-05-10"
"范璧璐","131427198309285432","西什库大街31-42号","13608191633","黄山市黄山区芦山公益林场","J067407987265","2019-05-16"
"梁哲","140208199506234598","渤海镇苇店村","13104202172","南康市大山脑林场","N003592476218","2019-06-17"
"钱乐","141117199712177302","新源南路1号都汇天地B1层","13706152126","龙泉市山坑林场","Q099047270064","2019-03-29"
"乐融","141202197408082311","松榆南路36号","13103528584","双鸭山市四宝林场","S038258836406","2019-03-18"
"邵功","141227199012185251","通惠河南路雅世杰商务会馆北侧西行30米","15600236612","湖州市鹿山林场","B099294257585","2019-06-02"
"戚军","141618198704168127","京良路10号乐家购物中心3层","15104208192","双鸭山市四宝林场","A001033390734","2019-04-09"
"冯伯","141710197103059686","金台里甲15号万惠商场3楼","15803574075","七台河市东风林场","R034012087476","2019-03-23"
"倪学祥","151008198509083758","西直门内大街冠英园西区6号楼1门","15706136285","呼和浩特市浑河林场","S091534866921","2019-03-13"
"苗晶妍","151021198908257276","崔村镇南庄营六合城观光园","15902202161","铁力市东升林场","O055487968780","2019-03-22"
"施薇","151101197805118261","酒仙桥路甲4号3号楼二层商业F203","15307098604","七台河市东风林场","A030701660768","2019-05-25"
"鲍晶妍","151101198806053156","西半壁店村463号","15002221025","南通市如东林场","I034496221192","2019-06-06"
"鲁思","151108199206211654","庙城镇庙城村十字街路北东侧C04号","15502144851","北安市缸窑林场","K083623635962","2019-05-21"
"时楠榕","151405198406254401","东三环中路1号","15801750255","秦皇岛市海滨林场","M090097694381","2019-06-01"
"穆达安","210307199308318814","农光里36楼南侧劲松农光里农贸市场一层3034","15605097249","呼和浩特市浑河林场","P071647004895","2019-04-16"
"伍勇毅","210309198310026890","科学院南路2号院1号楼融科资讯大厦B2","13204975262","北京市房山区周口店林场","N071245087858","2019-03-25"
"严星","210706197907088763","南海家园一里17号楼三单元102","15005745988","铁力市东升林场","P098784305300","2019-06-09"
"顾河哲","210824197201101478","太仆寺街48号","13202547848","南通市如东林场","H034382301113","2019-04-15"
"纪丹","211105197204035646","沿河景观路84-1号","15306970731","舟山市普陀山林场","N004882452702","2019-04-19"
"沈健世","211117197302127191","阜成路白堆子地铁口C口","15502727072","赤峰市松山区安庆沟林场","K042557653135","2019-04-17"
"殷晨辰","211409199609033006","怀北镇大水峪村192号","13900403402","北安市缸窑林场","G061702925430","2019-05-10"
"严聪澜","211514198507038264","阜石路300号喜隆多新国际购物中心403号","15606412039","南康市大山脑林场","H086913829735","2019-05-13"
"何艺","220512197406193940","干二路70号","13101326761","北安市缸窑林场","B087650569965","2019-06-04"
"戚欣","220526199808312005","团结湖中路南三条南门对面","15504687985","七台河市东风林场","S018632999289","2019-04-25"
"马昌成","220728199507104358","小营东路甲5号","13707360927","张家口市宣化区庞家堡林场","S067927222246","2019-03-29"
"滕子","220824197009084414","幸福大街57号","13907187133","龙泉市山坑林场","D012974162877","2019-04-07"
"孙霞香","221219199407186806","黄徐路12号","13801710629","呼和浩特市浑河林场","O009126659173","2019-03-05"
"潘明永","221407199206086261","台湖镇铺西路益万方农贸市场旁","13803624799","湖州市鹿山林场","H045211671878","2019-06-04"
"祁平保","221817199303032537","富力阳光美园","15107794106","海林市新海林场","S051560758486","2019-05-20"
"成哲","230308199811027952","城关街道农林路4号院8号楼底商良工佳苑附近","15308033913","秦皇岛市海滨林场","B091849352801","2019-03-25"
"熊静淑","230414198205012365","右安门内西街5号楼金碗勺东北菜院内","15804367598","酒泉市肃州区长城林场","H004336698716","2019-04-08"
"邬荣","230528197411247525","五棵松玉渊潭南路中铁广场1层","13202866240","张家口市宣化区庞家堡林场","R063229838752","2019-03-19"
"毛言","230625198006147432","芍药居北里101号世奥国际中心A座B101北4","15506398715","北安市缸窑林场","K025781832924","2019-06-14"
"孙奇","230703199207232508","建国路81号华贸购物中心西区4层","15200134457","承德市双滦区金厂沟林场","A047798335727","2019-05-09"
"钱亮","230723198208041638","大白楼南路甲1号","15002413908","葫芦岛市连山区虹螺山林场","J076444924781","2019-06-16"
"苗雄琛","231121198403099288","芳星路芳星园二区19号楼1号平台","15700256185","赤峰市松山区安庆沟林场","C027295340203","2019-06-28"
"韦彪博","311428197111185981","亦庄经济技术开发区荣华南路9号院2号楼","13203253191","南康市大山脑林场","J049023120802","2019-04-30"
"宋超","320423199802016042","新城子镇曹家路村","15301392501","海林市新海林场","C089377214793","2019-04-26"
"宋枝思","320503198203078198","北七家镇蓬莱苑1号楼","15300811909","海林市新海林场","R047666148522","2019-03-17"
"米邦","320504197201038916","四惠桥东南岸1号西店村35栋底商","15601633123","舟山市普陀山林场","B095378753691","2019-03-26"
"狄学祥","320708197410072706","云岗路150号","13104543225","北安市缸窑林场","Q016687273280","2019-05-05"
"湛颖","320710199312289696","东兴隆街56号北京商界2楼西侧","13405033278","北京市房山区周口店林场","K044728127114","2019-05-01"
"戴伟刚","321021198704309245","建国门外永安里10号","15504083926","海林市新海林场","P013800318242","2019-05-18"
"吴仁","321328197601017581","北苑路108号","13101863847","葫芦岛市连山区虹螺山林场","A058373805787","2019-04-14"
"沈聪澜","321516199807292982","高碑店c区","15601315943","赤峰市松山区安庆沟林场","I012112651238","2019-04-11"
"姜浩亮","321826199003208252","北苑东路中国铁建广场B座105-106","15607283718","龙泉市山坑林场","R046107478025","2019-03-16"
"蓝绍功","330117197507199822","安贞路安贞西里五区1号楼1层101室","15808304880","秦皇岛市海滨林场","E080772357195","2019-04-12"
"项娴","330426197806141556","甘家口甲8号甘家口大厦南侧北方朗逸酒店","15108718110","秦皇岛市海滨林场","I029509504351","2019-06-22"
"董行时","330607197804037117","西海西沿4号","15307577092","秦皇岛市海滨林场","R067632979280","2019-04-02"
"舒杰涛","331220198709305307","罗马湖左堤路1号","13500936075","天津市蓟县国营林场","M062853523676","2019-04-26"
"谈言","340124199905119014","六合园3号楼","13206981190","葫芦岛市连山区虹螺山林场","F073724338136","2019-04-06"
"花妍","340510199709161487","八角东街12号京成商厦2层203号","13105033955","黄山市黄山区芦山公益林场","H050117093269","2019-03-11"
"邬伟刚","340611198804085744","复兴门外大街15号长安商场5层","15604426159","铁力市东升林场","R098987349674","2019-04-24"
"雷谦","340909197110313226","文水家园6幢1至2层1—22","13100491692","酒泉市肃州区长城林场","A010435927041","2019-03-17"
"章宏言","340927197702103918","通胡大街48号","13000088023","天津市蓟县国营林场","O079657632578","2019-03-05"
"计心邦","341527199801152733","京原路7号","15802413253","南康市大山脑林场","F081638946775","2019-03-03"
"郎蓉眉","341723199412315024","光机电一体化产业基地嘉创路十号","13807840332","天津市蓟县国营林场","B079229293557","2019-05-07"
"倪松善","350723198101218591","安德路上龙西里35号","13406444717","南康市大山脑林场","J039743303664","2019-05-01"
"蓝翰","351415198606066288","青年湖西里4号附近","15008600739","海林市新海林场","B066499960643","2019-03-29"
"熊发","351602199901246724","香山买卖街东口","15502081389","天津市蓟县国营林场","A050120301289","2019-05-23"
"伏婕馨","351608198711197530","牡丹园西里16号楼","13301683680","承德市双滦区金厂沟林场","Q006873981293","2019-06-10"
"姚平保","351707198109065243","九棵树大稿艺术区内","13502566921","酒泉市肃州区长城林场","E039998714523","2019-05-20"
"雷榕","360304199006086239","广渠路66号院4号楼底商","13001683260","七台河市东风林场","P044470973251","2019-06-14"
"米云莲","360410198008298454","颐和园路8号畅春园美食街A20A号","15901892815","南通市如东林场","S059948326903","2019-06-10"
"郑枝思","361117198507275976","小关西街7号牡丹园西里","15603887087","大同市恒山林场","I096483851954","2019-04-02"
"柳英华","361721198510173171","前山所前山岱山路74号工业区6幢1楼","13503382250","葫芦岛市连山区虹螺山林场","A027061855871","2019-04-30"
"姜武新","361807197405302806","北七家镇定泗路88号888幢，东方普罗旺斯商业街","13503382929","赤峰市松山区安庆沟林场","P066424739226","2019-06-23"
"柏茂进","370612199103168597","安宁庄后街路北1号","15708391496","南康市大山脑林场","I020128156472","2019-03-24"
"陶中","371114199703109754","大成路吴家村路甲1号","13207494297","北京市房山区周口店林场","L039836549167","2019-05-25"
"韦辰","371218197104254810","北四环西路出口","13202623279","南通市如东林场","I009325702117","2019-05-15"
"董学祥","371302197002136730","开放路劳动大厦东100米","15107108968","湖州市鹿山林场","K068045290447","2019-03-05"
"史和","371504198006147409","北新华街15附近","13903295458","姜堰市周山河林场","R071056276640","2019-05-16"
"冯山仁","410112198103225587","天通苑北三区1号万合广场3楼","13201807657","铁力市东升林场","M098783100902","2019-04-10"
"时冰爽","410124197004219515","南口镇大石坡红石山谷度假酒店","13303316338","承德市双滦区金厂沟林场","H051149581373","2019-06-10"
"韩有","410125198701228166","学清路58同城大楼D门内","15307005071","北京市房山区周口店林场","O064640573044","2019-06-01"
"毛俊峰","410328198208134072","新源西里中街","15101213837","天津市蓟县国营林场","I049378433898","2019-03-11"
"金永","410425198105179943","东坝南门滨河路","13702495272","湖州市鹿山林场","L004825338413","2019-05-30"
"冯安","410428197906186381","草市街与徐尹路交口东北角徐辛庄电子工业技术学校西侧","13401047317","七台河市东风林场","C092780467277","2019-06-28"
"姚义兴","410923199712114603","慧忠路亚运村安慧里2区4号楼","15602618467","七台河市东风林场","E020009089569","2019-03-04"
"窦力","411016199403179596","万泉河路小南庄400号龙都宾馆院内","13204040397","北京市房山区周口店林场","H035150674506","2019-06-15"
"金菁梦","411224197611134525","东四环中路78号2层2-B","13906647244","海林市新海林场","M014486163124","2019-06-27"
"禹彬","411304199906279779","马甸西村甲16号","15608086793","铁力市东升林场","E062112154218","2019-04-28"
"倪风航","411705198701211620","北新桥头条9号","13405562314","天津市蓟县国营林场","F010888923962","2019-06-23"
"曹江超","411723197111059011","三里屯幸福三村五巷","13007658494","铁力市东升林场","P058626681110","2019-06-01"
"柳江超","411808199308317723","长虹东路旭辉天地2号楼底商","15602041986","七台河市东风林场","J046165824347","2019-03-24"
"苗茗","420111197511167865","东城鼓楼东大街28号","15605102806","天津市蓟县国营林场","D032384750779","2019-03-26"
"薛娅琦","420318199201197755","霄云路26号","13901245474","南通市如东林场","L034802422732","2019-03-10"
"和馥","420622197107049862","安苑路安苑东里一区4号","15104621498","北京市房山区周口店林场","H095029235629","2019-06-29"
"伍克伦","420703197103068671","阜成路白堆子地铁口C口","13608710017","承德市双滦区金厂沟林场","L051365228296","2019-04-21"
"酆邦","420912197304298630","十三陵镇康陵村25号院","15701709056","秦皇岛市海滨林场","L003744070447","2019-03-04"
"鲍霞香","421206197609159476","大华山镇李家峪村张家台18号","13501420325","赤峰市松山区安庆沟林场","E058641784224","2019-05-29"
"喻明永","421217198007207327","青东商务区青竹宾馆一楼","15807265154","呼和浩特市浑河林场","C069070154604","2019-06-24"
"殷之","421225199102106602","平房乡黄渠村甲106号","13301896632","七台河市东风林场","G085648662726","2019-04-06"
"梁健世","421617198112024332","丰台北路20号","13105073853","张家口市宣化区庞家堡林场","G075831043664","2019-04-06"
"冯枫芸","430324199804039668","慧忠北路安慧北里雅园5号楼","15307092658","呼和浩特市浑河林场","K062781089786","2019-04-06"
"凤元全","430510197606136837","喇叭沟门孙栅子村西李营7号","15505055069","龙泉市山坑林场","G003909312294","2019-05-22"
"赵柔","430912197308256869","苏州街15号","15308287082","承德市双滦区金厂沟林场","H003904530962","2019-06-24"
"郝瑞凡","431611199105196605","东坝路百分百旁","15108054751","双鸭山市四宝林场","O017629623375","2019-03-06"
"杨伟刚","441107199006014409","芍药居北里101号世奥国际中心A座B101北4","13505051930","铁力市东升林场","L091974771328","2019-05-30"
"伍哲","441410198811082155","林翠路倚林佳园小区内会所餐厅","13101485792","北京市房山区周口店林场","E004189006889","2019-03-21"
"齐翔旭","441617197612247521","广渠路c号","13505108345","姜堰市周山河林场","A021446832796","2019-04-07"
"李炎德","441811198510182670","通朝大街233号","13108057851","承德市双滦区金厂沟林场","N059840671027","2019-05-16"
"卜裕","450214199806304351","什刹海野鸭岛码头","13202042667","湖州市鹿山林场","N057439059838","2019-06-08"
"酆倩","450308198004266507","小关西街7号牡丹园西里","13600511170","双鸭山市四宝林场","M001161510122","2019-04-08"
"席燕彩","450503198406301500","知春路城铁站对面","13200833392","承德市双滦区金厂沟林场","E024750591836","2019-06-17"
"云强军","450819197904074694","萊锦产业园西门cn-18号强视传媒一层北侧","15500273272","海林市新海林场","I000420685151","2019-05-12"
"赵茗","451320198410222012","大望路东郎创意产业园","13207034826","海林市新海林场","Q040466956465","2019-06-17"
"陶琰","451808199601277858","木北路腾龙双语幼儿园斜对面","13000138977","呼和浩特市浑河林场","L079622525358","2019-05-27"
"闵保","460108199403232123","后海大金丝胡同4号","15202205285","舟山市普陀山林场","I074071887628","2019-04-22"
"何荣","460501197702158098","育知东路回龙观龙腾苑六区10号楼","15602030071","姜堰市周山河林场","K082855693951","2019-04-11"
"许策腾","460709198503039175","三里河路41号，甘家口大厦南侧200米路西","13008607696","呼和浩特市浑河林场","J030032142890","2019-04-07"
"韩钧冠","460902199108248565","黄松峪乡刁窝村36号","15206717123","龙泉市山坑林场","G052310792118","2019-03-20"
"黄霄","461809199808292060","崔各庄马泉营一区","15805354209","南通市如东林场","C055189763215","2019-05-12"
"卫泰盛","500223199505164437","北三环中路丙6号","15801138715","张家口市宣化区庞家堡林场","E069488765298","2019-04-19"
"祝才发","500301199805078674","东土城路14号建达大厦2楼","15001772229","赤峰市松山区安庆沟林场","L016253486191","2019-06-25"
"熊霭","500308198410217513","欣宁街15号荟聚购物中心3楼","13102803156","海林市新海林场","A042931549291","2019-05-28"
"计雄琛","500604199604076372","大董村路口西北100米","15001744050","秦皇岛市海滨林场","J063639456998","2019-05-12"
"齐聪澜","500616197603043137","天坛路55-1号","13604111144","北京市房山区周口店林场","A060960546730","2019-03-21"
"殷奇","500803199410087302","木北路腾龙双语幼儿园斜对面","15604184772","大同市恒山林场","K036362360115","2019-04-23"
"皮清","501318198810267525","东直门外斜街察慈小区11号楼","13106514319","七台河市东风林场","O090791018729","2019-05-13"
"伍言","501528197812151877","朝阳北路14号楼","15804146303","龙泉市山坑林场","S095369928458","2019-06-03"
"潘树","510119197702058548","九棵树大稿艺术区内","15903585801","海林市新海林场","S078329570610","2019-04-14"
"华信子","510205197803185427","国美第一城2号院6号楼","13004686246","承德市双滦区金厂沟林场","H040206901465","2019-04-27"
"祝舒","510401197903072640","旧宫镇东营房车站马路东侧","13206871395","姜堰市周山河林场","M055431529885","2019-04-22"
"湛承乐","510427198704103757","三里屯北路19号三里屯太古里南区3层S9","13506182705","铁力市东升林场","I044943409821","2019-04-25"
"杨巧","510702197908232189","西大望路北工大附近","13501818669","龙泉市山坑林场","B047168225138","2019-05-29"
"邵春菊","511720198304079304","亦庄经济技术开发区荣华南路9号院2号楼","13706773374","南通市如东林场","D072231002205","2019-05-04"
"皮华","520612197905105242","外环路附近","13802974303","酒泉市肃州区长城林场","N007911070624","2019-04-12"
"吕琛","521212197903274419","宋翟路","13000132515","承德市双滦区金厂沟林场","B034957052704","2019-06-27"
"秦秀娟","521416198001088419","楼梓庄路87号附近","15306591743","张家口市宣化区庞家堡林场","A055423563625","2019-03-13"
"冯山仁","521416198809138890","神路街39号","13606760845","黄山市黄山区芦山公益林场","P000733045167","2019-04-14"
"席良海","521718199905171135","小关西街7号牡丹园西里","13303248161","北安市缸窑林场","E063871674828","2019-04-10"
"孔霄","531712198205305591","芳草地西街11号小白楼","13501683707","双鸭山市四宝林场","I012012504397","2019-06-30"
"许邦","531722197511296785","集美家居地下一层","13902045893","海林市新海林场","E066122664788","2019-05-27"
"金昌成","540122197209193881","崇文门祈年大街东打磨厂街7号新活馆三层","13301415396","北安市缸窑林场","N005894841679","2019-03-05"
"姜苑","540307199501165408","紫竹院路车道沟10号院","13500271169","呼和浩特市浑河林场","G006292331843","2019-04-07"
"湛进","540412199409268424","建国路81号华贸购物中心西区4层","13107520123","黄山市黄山区芦山公益林场","C003649744642","2019-04-24"
"毛志","540605198101293467","晓月中路晓月苑一里宛平办事处一层","13502854821","北京市房山区周口店林场","I054620634546","2019-05-09"
"陈蓉眉","541106199207263677","篱笆房路帝凯乐ktv下面便民菜站内","15807538969","南通市如东林场","D078275414470","2019-05-14"
"罗锦黛","541212197111114219","东风南路","13803065511","赤峰市松山区安庆沟林场","K063617940364","2019-06-09"
"卜春菊","541803199609188228","胜古路","15203618951","天津市蓟县国营林场","G062019156160","2019-04-12"
"卞承乐","610301197708179045","沿河景观路84-2号","13601976683","北安市缸窑林场","J037428724223","2019-05-30"
"喻鸣","610316198706019942","车站路81号","13700530150","铁力市东升林场","S097011552244","2019-03-27"
"湛民","611023199812292624","绿地缤纷城2期3层","15003836004","湖州市鹿山林场","F014415988644","2019-03-31"
"卞峰","611209197208142388","旧宫镇商业街甲61号","15208091104","大同市恒山林场","G079846539726","2019-05-30"
"黄仪","611315197808224807","久润花园东区","13704745645","北京市房山区周口店林场","O095286600387","2019-05-08"
"鲁东文","611611199812174434","双井双花园南里2区13号楼商业4号","15801317434","北安市缸窑林场","A051513880725","2019-05-27"
"梁友裕","611614198010106347","小瓦窑小屯路4号院1号楼","15500222394","大同市恒山林场","N078591202579","2019-04-09"
"鲍江超","620510199005208862","闵庄路樱桃园内","15707432407","秦皇岛市海滨林场","P034637913381","2019-06-06"
"尹菁梦","621206198302037031","天通苑太平庄二街中富大厦","15205513083","葫芦岛市连山区虹螺山林场","H087558224781","2019-04-27"
"苗玉","621406199609275629","玉带河东街西上园南门对面","13100930534","舟山市普陀山林场","S046052600496","2019-05-26"
"水心邦","621409196911268614","南竹竿胡同2号","13005071286","双鸭山市四宝林场","N098728908612","2019-04-01"
"孔红","621521197203096417","中关村北二条13号平房D-18号","13900603773","天津市蓟县国营林场","P000731883899","2019-04-16"
"华思","621616198907199069","西八里庄路恩济里小区27号楼底商","13104223686","七台河市东风林场","N069369164150","2019-04-19"
"陶强军","621811199502212104","万泉河路68号紫金庄园9号楼东5门一层-5","15103481095","大同市恒山林场","Q031206705656","2019-05-23"
"薛飘育","630906198412314753","南长街38号","15803147956","湖州市鹿山林场","L079541763926","2019-03-16"
"韦静淑","631011197511151219","行宫街59号","15705490323","北安市缸窑林场","F097381427506","2019-05-31"
"严珊莎","631221197707167579","九棵树西路142号旗舰凯旋小区底商","13708735530","天津市蓟县国营林场","Q019760094187","2019-04-10"
"平芬芳","631323199510012018","东四十条甲22号南新仓商务大厦1-2楼","15108341546","承德市双滦区金厂沟林场","K094372097474","2019-05-26"
"李翔旭","640702199206112610","赵公口光彩慧时欣园10号楼","13708688031","舟山市普陀山林场","C057296779232","2019-04-19"
"史成","640726198601041434","鲁谷南路半月园公园西侧","15500211354","铁力市东升林场","S011687170747","2019-03-12"
"时亚","640809198710283557","广渠门外大街东三环双井桥西100米路南","13608554301","南康市大山脑林场","G077670986286","2019-05-09"
"卜建家","641001198802177822","朝阳门北大街2号港澳中心酒店1楼","13108333550","呼和浩特市浑河林场","S033340391588","2019-05-12"
"鲁文","641016197908163508","首体南路甲20号","13404745653","葫芦岛市连山区虹螺山林场","F088859988304","2019-05-27"
"任豪","641317198511226755","庙城镇庙城村十字街路北东侧C04号","13905674532","呼和浩特市浑河林场","B026180125407","2019-04-28"
"尹明永","641618198805285325","东坝南门滨河路","15604557987","大同市恒山林场","H079125963790","2019-03-11"
"闵友裕","650204198308296948","亦庄经济技术开发区荣华南路9号院2号楼","13706137673","赤峰市松山区安庆沟林场","A042289723805","2019-04-07"
"乐宜可","650401197912106783","和敬路4号院20-5","15806164709","赤峰市松山区安庆沟林场","D092908019682","2019-05-28"
"姚舒","650607199311304495","太平桥路44号中青旅山水酒店1楼","15607473626","舟山市普陀山林场","A095245931046","2019-03-08"
"纪彬","651323197305258083","阜成路93号","15801819066","承德市双滦区金厂沟林场","B066030088449","2019-04-21"
"章先","651805197212078585","中国北京市北京市朝阳区朝阳公园南路8号","15003990111","龙泉市山坑林场","D024933195033","2019-05-21"
"祝真环","651816198310125352","月坛西街1号","13703040293","赤峰市松山区安庆沟林场","P073008682913","2019-03-30"
"周龙","710612199808235709","庙城镇庙城村十字街路北东侧C04号","13800137024","葫芦岛市连山区虹螺山林场","K004125113050","2019-06-06"
"袁有","711003197101309640","惠新东街19号","15907936496","呼和浩特市浑河林场","G065232457509","2019-03-26"
"姜霄","711126197204108042","西什库大街31-42号","13206141257","姜堰市周山河林场","F049040996971","2019-05-15"
"卫颖","711205197211245700","建国路熏皮厂村12号","15301517194","七台河市东风林场","O053648235728","2019-04-07"
"姚江超","711402197006148715","东土城路14号建达大厦2楼","15103691541","天津市蓟县国营林场","H018865484764","2019-03-04"
"宋霄","711728197902036711","雍和宫大街153号交道口北三条内","15506236761","南康市大山脑林场","F028467831154","2019-04-01"
"戚寒","711815198404182468","幸福大街57号北楼","15005472728","天津市蓟县国营林场","Q094651821038","2019-04-11"
"谈彪博","810127198504296766","长阳镇长阳路中粮万科长阳半岛广场4层","15208571720","黄山市黄山区芦山公益林场","P097436866718","2019-03-28"
"昌栋","810527197103056656","回龙观西大街107号昆泰嘉禾酒店一层","15705912302","舟山市普陀山林场","O083953343158","2019-06-07"
"钱茂进","811007197212081926","方庄南路方庄桥南侧","13605610332","铁力市东升林场","J062578468087","2019-03-08"
"纪时","811515197801255358","青年湖西里4号附近","13005338814","铁力市东升林场","D072441278398","2019-06-28"
"周翠雅","811605199402245861","东四十条王家园胡同西口","15004194504","张家口市宣化区庞家堡林场","G085446730006","2019-06-26"
"傅奇","811622199312044647","石门路1号","13106678776","姜堰市周山河林场","Q087060484395","2019-03-10"
"彭光天","811725197510254219","北三环中路36号,双福家园边(金凤呈祥)","13002915902","龙泉市山坑林场","I030875993779","2019-06-24"
"鲁启","811811197711301463","宋翟路","13401582926","七台河市东风林场","P009404395024","2019-06-15"
