"110412199003195592","陶枫芸","丰台北路18号院5号楼恒泰广场4层","15701188398","天津元宝汇国际工程技术有限公司","D064008836149","集中供养","4人","中国农业银行","6829263563031562338","2019-05-26","毛安","520525197612264314","闵庄路樱桃园内"
"110615198406122133","戚影荔","前门大街30号","13000192154","南京聚荣信房产经纪有限公司","R080649310107","集中供养","3人","中国工商银行","6995499563031560139","2019-04-07","韦功","650315198103018043","北苑路甲78号北卫家园16号"
"110719199001106757","苏朋斌","黄花城水长城景区九渡河村九渡河桥南","15906084254","成都成同股份有限公司","H039125968440","分散供养","3人","国家开发银行","6195347563031557102","2019-04-05","禹蕊薇","431805199211213636","凤凰路凤凰购物中心B1楼"
"111107199710175048","平枫芸","山湖路青龙湖公园","15707887548","杭州义盛集团股份有限公司","N095549959674","分散供养","2人","中国民生银行","6193007563031557850","2019-05-16","郑爽","530924197312056235","前门大街30号"
"111518198504035656","何雁蓓","阜成路2号","15107737475","沈阳光信环境建设股份有限公司","M094022028693","分散供养","4人","中国银行","6717409563031564351","2019-05-20","尤安","331105198907252833","中关村南大街乙12号"
"111616199311161231","萧毓","朝阳门外大街甲6号万通中心商业2层国安家","13207806073","厦门兴本股份有限公司","A028127137944","分散供养","2人","中国农业发展银行","6787744563031565132","2019-03-17","周君琴","341403198610078842","樊家村芳菲路8号商业楼"
"111701198708203323","平香","吴家场路1号悦邻购物西侧底商","13902353564","广州源进集团股份有限公司","L034480436669","集中供养","2人","中国民生银行","6746283563031563965","2019-04-27","俞军","411016198712024401","方庄南路方庄桥南侧"
"120109198405258158","史才发","阜成路93号","13005357897","沈阳福富巨计装饰工程有限责任公司","D088150059774","分散供养","2人","中国农业银行","6352937563031564887","2019-05-10","酆海","371313199102055153","黄松峪乡刁窝村36号"
"120119199110284617","汤伦","永安东里1号楼底商，近双子座东塔南侧","13403726954","成都亚泰庆建筑装饰工程有限公司","E011901062784","分散供养","2人","中国邮政储蓄银行","6203721563031563629","2019-05-27","汪河哲","150927198009293743","马连道南街1号附近"
"120911197205191630","奚裕","大井桥南202号","13904741715","成都成同计装饰工程有限责任公司","Q011172953802","分散供养","4人","中国农业发展银行","6235897563031563330","2019-03-10","谈思","370213197304246751","阜成门外大街华联商厦4楼"
"121513198006144835","汤枝思","花家地东路5号","13000376785","杭州宝千计装饰工程有限责任公司","M006715693947","集中供养","2人","中国光大银行","6850401563031564507","2019-05-28","余安","130108197807288227","新街口东街西口新百商场北侧"
"121716197603092835","尤康星","南三里屯路复星国际对面","13107284324","北京公义咨询管理有限责任公司","F031388603464","集中供养","2人","中国农业银行","6560930563031565269","2019-05-23","纪斌","130618199807205041","集美家居地下一层"
"130208198808157830","和荷丹","安德路甲10号","13307634544","上海捷国股份有限公司","O036665809117","集中供养","2人","中国建设银行","6501879563031557842","2019-04-05","戴河哲","231701199007094606","月坛西街1号"
"130425198707083015","禹松善","丰台北路18号院5号楼恒泰广场4层","13708213713","济南台久贸易有限公司","K076812939092","分散供养","2人","中国光大银行","6636026563031557186","2019-05-22","计宁","130119197307239702","王府井大街138号北京apm5层"
"130508199108083407","平颖","宋庄镇小堡文化广场旁徐宋路东","13700135159","北京美飞物业管理有限公司","H035944283299","分散供养","4人","中国农业发展银行","6563067563031564113","2019-05-30","云勤","131723199707025272","北苑南路京通罗斯福广场地下一层"
"130519198110199208","齐叶","双桥中路双桥医院南侧","13906937925","成都元春本房产经纪有限公司","B093743551532","分散供养","3人","中国邮政储蓄银行","6488680563031556579","2019-04-24","舒朗伯","330707199406301913","东四北大街343号银地宾馆2楼"
"130921199812304734","云澜","靛厂路中段","13106383163","厦门宏鑫建筑装饰工程有限公司","E012420148034","分散供养","3人","中国人民银行","6281649563031562824","2019-03-27","赵之","440505197204306466","文昌胡同42号"
"131028197607086809","杨可","安德路甲10号","13800257851","北京升盈咨询管理有限责任公司","F033489386679","集中供养","3人","中国邮政储蓄银行","6882203563031562942","2019-06-11","和义兴","141309199004047230","广渠门外大街东三环双井桥西100米路南"
"131403197903192192","华刚","西红门桥向北200米路西秋实楼一层","13001650873","天津康百通土石方工程有限公司","A016434449322","分散供养","2人","中国建设银行","6955585563031559536","2019-06-18","廉策腾","540408199711266076","中关村北二条13号平房D-18号"
"131519197112193465","方雅","太仆寺街48号","13605758043","南京佳洪物业管理有限公司","P016941431497","分散供养","3人","中国银行","6647045563031558741","2019-03-03","纪乐","810612199608233055","香山一棵松29号"
"140219198910016195","于风航","怀北镇河防口村青龙峡路口南200米路西","13703901820","深圳丰成富计装饰工程有限责任公司","O024592599355","分散供养","4人","中国建设银行","6687865563031557332","2019-06-11","邵之","141705199006032544","新街口大街板桥二条15号"
"140318198001272131","祝豪","中关村南大街甲12号寰太大厦1楼","13703896841","厦门洪庆计装饰工程有限责任公司","D084174050594","分散供养","2人","中国农业银行","6539798563031557196","2019-06-08","于德","111602198805071660","北四环西路出口"
"140325198409249214","闵茜秋","新源西里中街","15100636380","杭州台生益建筑产业集团有限公司","J044888507425","集中供养","4人","中国邮政储蓄银行","6141482563031561509","2019-04-15","葛和","430614197205032284","东三环三元桥三源里街23号"
"141002198701104323","何朗伯","新光天地北侧华贸公寓19号会所二层","15300695727","北京通满集团股份有限公司","H025473838087","分散供养","4人","中国人民银行","6147172563031560024","2019-03-07","蒋伯","230610197603253707","宋庄镇小堡村北街18号"
"141021197401082242","吕桂","管庄西里21号楼","13606911708","天津丰鼎吉环境建设股份有限公司","F013054305749","分散供养","2人","中国人民银行","6141360563031563585","2019-03-01","时媛艳","111518197701257773","湖光北街南湖中园211号京客隆4层"
"141201197609119366","喻梁栋","顺沙路电信局往北200米","15106898150","广州全信股份有限公司","Q029599640374","分散供养","3人","中国光大银行","6527139563031562348","2019-04-18","臧涛","711627199111174820","十八里店横街子16号"
"141214198706142913","秦厚庆","十三陵镇康陵村25号院","15007106936","济南康宏贸易有限公司","J032180325876","分散供养","3人","中国工商银行","6906621563031559659","2019-03-30","严凤","620601198110316990","鼓楼外大街18号鼓楼外大街与黄寺大街交叉口东北角"
"141405197005247246","臧福","方庄南路157号","15104351652","重庆富金春建筑装饰工程有限公司","I065043143791","集中供养","3人","中信银行","6509359563031560798","2019-03-22","顾蓉眉","310102197910242761","广安门外南滨河路87号"
"141620197408103553","戚清","前门廊坊二条8号","13002880732","大连汇盛聚国际工程技术有限公司","K026186107296","集中供养","3人","中国工商银行","6270899563031558996","2019-03-27","邵琳素","710324197806116042","万博苑7号楼王府井购物中心4层"
"150325197406016172","雷明永","康健胡同2号","13700845714","北京盛永房产经纪有限公司","C097045205621","分散供养","3人","中国工商银行","6955504563031560391","2019-06-12","滕友裕","150706198805045746","西翠路9号瑞成酒店二楼"
"150408198507171954","彭佳嘉","后沙峪镇裕民大街3号院一幢一层1163室","15205640425","广州光福巨建筑产业集团有限公司","L045191666515","集中供养","2人","中国农业银行","6587112563031564745","2019-03-03","祁兴","310516197712275020","复兴路69号蓝色港湾购物中心6层"
"150417197401185056","萧成","管庄西里21号楼","15006904867","天津广洪宝咨询管理有限责任公司","F085187414372","集中供养","3人","招商银行","6712558563031555938","2019-03-06","邵竹霭","350423197505061730","马池口亭子庄村亭百路北口"
"150516198610015932","梁江超","雕塑园南街8号","13107856344","沈阳佳洪环境建设股份有限公司","L038507756242","集中供养","3人","中国邮政储蓄银行","6805420563031562072","2019-05-07","顾亚","210420199105254915","崔各庄马泉营一区"
"151428197012131386","穆蕊薇","物流01号","15908820823","杭州洪生房产经纪有限公司","S097127894303","集中供养","3人","中国人民银行","6584299563031564630","2019-03-05","何致树","341807198411246750","新源南路1号都汇天地商场3楼"
"151715196911204524","马炎德","城南街道南口路29号L3-037-1","15304310586","重庆长正升建筑装饰工程有限公司","M003001396209","分散供养","2人","中信银行","6523206563031564366","2019-03-31","梁芝玉","320103198012222381","建外街道SOHO现代城A座1楼"
"210223199607103048","苗元全","马坡镇白马路顺城大街29号","15805910151","广州干晶合股份有限公司","K029276583753","集中供养","4人","中国银行","6746375563031559996","2019-06-25","尹茂进","710806198302067308","百子湾西里403号楼负一层"
"210824199601304998","毕伦","三里河路41号，甘家口大厦南侧200米路西","15308087426","厦门光信股份有限公司","L068948829577","集中供养","4人","中国人民银行","6354654563031563738","2019-06-20","计利清","231028197102129207","赵公口光彩慧时欣园10号楼"
"210918197803308965","秦伯","纪家庙路与丰台东路交叉口","13405643485","济南佳泰贵贸易有限公司","J010755701149","分散供养","4人","中国银行","6564549563031559267","2019-06-29","褚育","440526197905166089","右安门内西街5号楼金碗勺东北菜院内"
"211126197201289979","祁腾","安泰大街中粮祥云小镇九号院九号楼303室","13602651783","上海成同国际工程技术有限公司","P077755767992","集中供养","3人","中国农业发展银行","6684132563031558755","2019-03-23","华海","131405198704108713","安定门西大街3号"
"211728199610164541","秦琳素","广安门外大街红居街远见名苑4号楼底商","13004117543","济南进安房地产开发有限公司","Q079332109486","集中供养","2人","中国民生银行","6584560563031557214","2019-05-26","鲍英华","330813197701154012","门头沟冯村商业街2068号"
"211809199505223384","严朋斌","梨园镇砖厂南里40号楼华远好天地商业区2楼","15504418505","南京合台皇集团股份有限公司","M096416469130","集中供养","4人","中国光大银行","6640468563031563611","2019-06-01","施广志","520228198307241741","王府井大街255号北京市百货大楼6楼"
"220216199906119562","席浩亮","红螺路20号","15600608837","上海亨本同集团股份有限公司","P010756844999","分散供养","4人","中国邮政储蓄银行","6593211563031562457","2019-05-03","凤馨","341607199401207742","旧鼓楼大街甲3号"
"220328198203253998","余元全","鲁谷南路半月园公园西侧","15907907428","大连伟生房地产开发有限公司","L025598695460","分散供养","3人","中国民生银行","6364740563031557354","2019-03-21","柳琬茗","111109199705193206","劲松地铁站c口旁劲松大厦四层"
"220628198205161038","凤国胜","清河中街68号华润五彩城购物中心西区4层","15005946042","杭州台久土石方工程有限公司","I003997827358","集中供养","2人","中国农业银行","6437486563031559667","2019-03-01","马博","540216197304059848","恒安大厦负一层"
"221606198503085260","范瑞凡","东直门内大街235号，簋街西边","15001544521","沈阳瑞合皇集团股份有限公司","M044492932289","分散供养","4人","华夏银行","6260041563031558366","2019-04-07","平美娜","450919198511106777","八宝庄小区11号楼"
"221806198505219048","何裕","沿河景观路76-5号","15906813684","济南顺合伟建筑装饰工程有限公司","K074520642482","分散供养","4人","国家开发银行","6368154563031556315","2019-03-20","鲁峰","710920197201133305","丰台南路阳光大厦2层"
"230727198105238010","韩融","后南仓小区","13204881581","南京全信土石方工程有限公司","D031978984295","分散供养","3人","中国银行","6207419563031556563","2019-06-16","许泰盛","360201199104194788","五棵松金沟河路19号，玉泉路与永定路中间"
"231010198010112696","常海","前门大街30号","15705013952","厦门广光浩环境建设股份有限公司","G090322155964","集中供养","3人","中国民生银行","6510588563031559908","2019-04-01","云松善","221217197101184062","莲花池东路51号"
"231302199804152558","和仁","恭俭胡同5巷5号","13605606604","济南利庆优房地产开发有限公司","G028347436596","集中供养","2人","交通银行","6262558563031564621","2019-04-06","余飞彬","521216198810202325","台湖镇定海园三里10号楼"
"231409198903202518","水娟","沿河景观路47-4号","13004295562","天津飞义高集团股份有限公司","H071510578138","分散供养","2人","国家开发银行","6457212563031564492","2019-03-06","水厚庆","431005198910028079","中关村大街18号中关村科技贸易中心8层03、05、06号"
"231822198703023327","杨亨奇","兴丰南大街96号附近","13101245642","杭州洪源建筑产业集团有限公司","H000883423929","分散供养","3人","中国银行","6794137563031560142","2019-04-14","姚春菊","500325198501259849","鼓楼东大街238号"
"310410198802066454","董淑","北海公园北门内九龙壁前","15500101949","济南元春本计装饰工程有限责任公司","R059766598043","集中供养","4人","中信银行","6247474563031558120","2019-04-09","计云莲","211703199703257214","复兴路51号凯德晶品购物中心5层"
"310424197604293041","窦朋斌","东四北大街343号银地宾馆2楼","13405534144","广州同贵源集团股份有限公司","M047077502690","分散供养","2人","中国银行","6891684563031563105","2019-06-09","尹福","811524199408124373","东长安街甲1号东方君悦大酒店1楼"
"310715198201034246","苏筠柔","展览馆路3号","13107453390","厦门本凯咨询管理有限责任公司","D069150009606","分散供养","3人","招商银行","6605007563031558091","2019-03-06","萧枫芸","331005198610132919","方庄芳古园一区24号楼底商"
"310902199904197353","殷晶妍","玉泉西里二区38号楼-1层D06商业","15203955529","成都同优寿集团股份有限公司","I043053805875","集中供养","3人","中国工商银行","6981314563031564753","2019-05-16","朱鸣","360420199107062759","甜水园路甲1号南侧"
"320124199707167097","许义兴","新光天地北侧华贸公寓19号会所二层","15004968021","杭州如源汇国际工程技术有限公司","A005915834450","分散供养","2人","中国银行","6632727563031557591","2019-05-13","乐娅琦","451609198402148723","旧府街与青礼路交叉口南100米"
"320624197111096798","史环","武圣路松榆西里6号楼","13501780425","沈阳昌晶美科技有限公司","G059313823129","分散供养","4人","中国民生银行","6382133563031556692","2019-06-20","尤祥","501201198409047663","回龙观科星西路与龙跃街交叉口旁"
"320708197905061621","钱玉","梨园葛布店东里47号楼底商","15105693003","成都聚荣信房地产开发有限公司","R050741990564","分散供养","2人","国家开发银行","6163344563031561055","2019-03-14","柳有","411821199605319773","三里屯南路6号楼南侧"
"320927199508238448","朱荷丹","西山口地铁站南行200米（北大分校南行50米）","15502457090","济南康宏计装饰工程有限责任公司","O071866938134","分散供养","3人","中国工商银行","6408275563031560778","2019-06-01","郑厚庆","150518198106128623","府前街19号"
"321025198202149943","苗军","燕平路石油大学西门","13207814347","上海长正升房地产开发有限公司","N043905616875","集中供养","4人","中国光大银行","6403051563031560019","2019-05-28","戴翠雅","711506197301316383","金宝街东段路北小雅胡同62号"
"330704198404148301","黄之","东大街20号","15808608358","深圳复汇房产经纪有限公司","A035623099995","分散供养","3人","中国银行","6377557563031556186","2019-05-26","郝保","710715197210137475","紫竹院路80号"
"331425198111083651","萧梦","大董村路口西北100米","15500357488","厦门圣优弘咨询管理有限责任公司","L055671003399","分散供养","4人","中国农业银行","6994798563031557615","2019-04-02","郝寒","371615199801271529","丰台南路阳光大厦2层"
"331520197506068214","赵杰涛","广泽路望京花园小区214号","13305718104","广州进吉洪科技有限公司","H051083939159","分散供养","3人","国家开发银行","6841976563031556200","2019-05-27","冯琦","340720198012026218","005乡道与平沿路交叉口旁"
"331603199711097329","余露瑶","嘉园路安太嘉园医院对面","13007577709","广州广洪宝环境建设股份有限公司","H042790211401","集中供养","4人","中国建设银行","6230170563031556440","2019-04-14","柳希","231725198305108933","七星路"
"340325198604248676","费贵福","鲁谷路台湾街2号","15303448833","厦门亨本同股份有限公司","F007456441670","集中供养","3人","中国人民银行","6505659563031561965","2019-04-28","孙娴","361504198807056737","阜石路300号喜隆多新国际购物中心403号"
"340715197407091943","汪友裕","赵公口桥南光彩路慧时欣园10号楼如家酒店一层","15908348744","大连昌晶美土石方工程有限公司","B028602694422","分散供养","4人","中国银行","6461672563031564901","2019-06-25","和庆","451502198804306302","紫金庄园9号楼一层"
"341122197411023104","贺辰","良乡镇拱辰大街12号蓝帆美容美发院内","13603515001","广州伟生国际工程技术有限公司","P058358502483","集中供养","4人","中信银行","6811772563031559138","2019-05-25","云惠珠","120606198005052539","百子湾路甲16号国锐易构空间1号楼"
"341610197509089911","熊贞","三里河路41号，甘家口大厦南侧200米路西","13908675828","南京兴本建筑装饰工程有限公司","J062018968815","分散供养","2人","中国民生银行","6435993563031560384","2019-05-17","花斌","510712198906014919","前门廊坊二条8号"
"341804197102065587","彭超","前门大街东侧鲜鱼口老字号餐饮一条街","13606753858","天津元宝汇贸易有限公司","H061646265598","分散供养","2人","中国工商银行","6143446563031559413","2019-03-13","戚时","430620198109277490","溪翁庄镇石马峪"
"350517199509033532","尤翔旭","文昌胡同42号","15707448704","上海康百通房产经纪有限公司","S071774950601","集中供养","4人","中国银行","6321271563031563474","2019-04-01","孔德","650828197110065689","三里屯南路6号楼南侧"
"350612197010044088","平武新","劲松路1号","13903636080","广州美辉计装饰工程有限责任公司","C029274741381","集中供养","2人","中国邮政储蓄银行","6930266563031556838","2019-04-14","贺芝玉","221517197802229161","仁和地区石园北区甲65号"
"351002197106076313","成洁梅","朝阳南三里屯路16号一层","15704251790","厦门美飞房地产开发有限公司","D088598351797","集中供养","2人","中国邮政储蓄银行","6214598563031557586","2019-06-09","张固之","621715197401237964","CBD东三环中7号财富中心4号楼E203"
"351026197607022986","鲍利清","天通苑国泰东三区2号楼","13903104308","厦门浩通聚国际工程技术有限公司","S055894320108","集中供养","4人","中国民生银行","6627180563031564084","2019-03-30","余美娜","350808197603186074","南辛路153号"
"351503198112317788","熊维启","白浮泉路48号","13906424096","杭州洪源建筑装饰工程有限公司","B026620047854","集中供养","2人","招商银行","6673939563031565246","2019-05-05","鲍豪","441801198404075062","东城家乐福后门对面"
"360115197812163411","卜丹","古北水镇沙岭81-2","13004812675","重庆圣优弘建筑产业集团有限公司","B012889487641","集中供养","3人","中国建设银行","6532876563031557501","2019-06-14","明功","620212199501041599","南竹竿胡同2号"
"360221197808069884","齐菁梦","朝阳北路水碓子社区南门","13307343824","天津广洪宝土石方工程有限公司","L031126821619","分散供养","3人","中国建设银行","6687600563031562191","2019-05-08","袁广志","450908197503296493","杨庄路70号院内（公社1958创意园内）杨庄医院丁字路口东南角"
"360309197503016584","元斌","北四环西路出口","13507853094","大连丰鼎吉科技有限公司","J015681736089","分散供养","2人","华夏银行","6659771563031560155","2019-05-12","尹旭","521302198105106632","松曹路"
"360519197410275244","华义兴","三渡河村","13901760564","成都富金春集团股份有限公司","F056510791373","分散供养","3人","中国农业发展银行","6678349563031559010","2019-04-04","蓝娜","510909197803247210","黄徐路12号"
"360608197707243908","俞有","永定路66号长峰假日酒店2楼","15303714035","重庆元春本房产经纪有限公司","K013155576463","分散供养","2人","中国农业银行","6462974563031563187","2019-04-21","谢琼勤","360808197408281966","小汤山大柳树环岛向东5公里路北"
"360720198901151138","伍鹏泽","良乡镇拱辰大街12号蓝帆美容美发院内","15000194815","南京源公国际工程技术有限公司","H026295548616","集中供养","3人","中信银行","6933036563031563605","2019-03-19","戚力","350810198101185384","酒仙桥路甲4号3号楼二层商业F203"
"361003197907275987","杨新","地坛医院南门对面","15700528308","济南裕茂环境建设股份有限公司","I046544095509","分散供养","3人","中信银行","6911655563031560268","2019-05-19","萧杰涛","440619198505133631","华汇紫薇花园内"
"361124196911051885","安泽","慧忠北路安慧北里雅园5号楼","15300825578","济南佳洪计装饰工程有限责任公司","C012083388692","分散供养","3人","招商银行","6131245563031557225","2019-03-24","皮胜","350720199006184140","行宫街59号"
"361411197908118186","水永","信息路15号金融科贸大厦510","13905992114","成都巨弘同集团股份有限公司","D044075676408","分散供养","3人","国家开发银行","6916036563031559020","2019-05-28","赵天","341428198109082471","迎风北路迎风六里2区南门对面"
"361509199810061146","董志","青年路达美中心1号楼3层","13508650485","沈阳复汇环境建设股份有限公司","F085640784952","集中供养","2人","招商银行","6796385563031558512","2019-05-02","孙健世","651725198809146693","青塔西路5号、7号"
"361517197204027615","穆震","双榆树西里双榆树三街3号","15606704949","沈阳凯弘贸易有限公司","M019213883498","分散供养","2人","中国建设银行","6575386563031557628","2019-03-22","臧榕","231728199601145093","首都体院馆南路16号10号平房"
"361708199809224080","魏彪博","新源南路1号都汇天地B1层","15106074447","上海飞凯贸易有限公司","C053577315310","集中供养","3人","交通银行","6506094563031557865","2019-04-17","薛露瑶","320905199502156346","北洼路30号天顺仁和写字楼A座二层"
"370716198907083001","姚青倩","东风南路","15907257074","大连通满环境建设股份有限公司","S029599613560","集中供养","2人","中国建设银行","6608583563031563220","2019-06-21","尹洁梅","310612197111119982","永安东里1号楼底商，近双子座东塔南侧"
"370726199310089882","席保","采育镇大皮营三村福西街115号","15907155409","重庆进吉洪国际工程技术有限公司","N056149720814","分散供养","4人","招商银行","6551621563031562210","2019-04-04","吕明永","150617197104223175","东大桥路三角地2号楼北侧"
"371105199310059296","魏邦","西关大街30号","13400945403","重庆康百通土石方工程有限公司","E097812668659","集中供养","2人","中国光大银行","6250776563031556552","2019-05-03","贺可","140905198001125698","新光天地北侧华贸公寓19号会所二层"
"371518198701167407","邹策腾","东轴斜街6号","15301131750","厦门春和建筑装饰工程有限公司","N006372845458","集中供养","4人","中国农业发展银行","6812449563031561499","2019-03-27","薛广志","811010198903084111","朝阳北路水碓子社区南门"
"410126199403106140","昌杰涛","日坛路日坛公园北门内北天门东侧","13702897645","重庆圣优弘股份有限公司","B033857964927","集中供养","4人","中国农业发展银行","6937750563031563212","2019-06-27","舒爽","331819199706192482","前进花园石门苑甲13号国泰宏城购物广场4楼"
"410701199111276571","郑建家","萊锦产业园西门cn-18号强视传媒一层北侧","13404478785","北京广光浩集团股份有限公司","A022151976211","集中供养","4人","中国工商银行","6317181563031560808","2019-06-21","祁磊民","451102197509285522","车站路81号"
"410816197012097849","谈珍贞","鼓楼外大街18号鼓楼外大街与黄寺大街交叉口东北角","15305528261","北京义盛国际工程技术有限公司","F094011192760","集中供养","2人","中国邮政储蓄银行","6458030563031558005","2019-04-18","梁策腾","640226198310105383","南三里屯路复星国际对面"
"410903199209231990","于云莲","中关村东路清华科技园·启迪科技大厦A座1层","13206703448","广州丰正恒建筑产业集团有限公司","L014293184975","分散供养","2人","中国民生银行","6452632563031562838","2019-06-20","任竹霭","451306199202263759","安泰大街6号院3号楼113室"
"411804198311161144","禹元全","中国北京市北京市朝阳区朝阳公园南路8号","13504243113","杭州源公计装饰工程有限责任公司","N071858857865","集中供养","4人","中国银行","6381687563031565372","2019-04-25","蓝栋","311116198505084483","石佛营东里甲1号"
"420202199004032821","皮裕","魏善庄镇魏善庄镇政府西1000米","15203701642","杭州进安建筑装饰工程有限公司","K093258502098","集中供养","3人","华夏银行","6598078563031558621","2019-03-17","项民","610928199907053741","阳坊镇西贯市村后街4号"
"420422198501031848","章冠","东四十条王家园胡同西口","13103520419","深圳美成房地产开发有限公司","S099289419482","集中供养","3人","中国光大银行","6951534563031565401","2019-06-21","邬武新","321306199103197956","广渠路66号院4号楼底商"
"420527197702142142","禹龙","星火西路17号泛海国际底商","13802599057","重庆洪生土石方工程有限公司","Q097819965626","集中供养","2人","华夏银行","6482294563031564004","2019-05-07","吕世","110709199307121649","广外大街马连道胡同内"
"420612199707167841","潘冠","西半壁店村463号","13607936145","厦门同优寿物业管理有限公司","O041915517008","集中供养","3人","中国农业发展银行","6541879563031559778","2019-03-29","伍明永","450512199701188224","王府井小吃街西口"
"421022197906033616","施琦","牡丹园甲2号院 同观商业楼1层","13900095812","重庆全盛台房地产开发有限公司","B082479027537","分散供养","4人","中国建设银行","6106806563031558861","2019-06-16","薛伟刚","370216198012206432","石景山路22号"
"421127197607084602","沈世","南长街38号","15801852497","天津合台皇建筑产业集团有限公司","M013992617717","分散供养","4人","招商银行","6485452563031562686","2019-06-11","茅秀娟","460202198912243669","城铁龙泽站后侧"
"421209199604131174","尹杰涛","东直门内大街282号","13106848826","济南光福巨土石方工程有限公司","J010738515758","集中供养","4人","中国人民银行","6135927563031557973","2019-05-05","吕枝思","710102197505025330","绿地缤纷城西斯莱公馆往北第一个红绿灯东侧100米"
"421216199210162642","于滢馥","光彩路京港城生活广场5层","15205468123","杭州全信房地产开发有限公司","D021605436321","分散供养","3人","中国工商银行","6627047563031560275","2019-04-27","戚中","810622199502235879","双桥中路双桥医院南侧"
"421219199807186513","成策腾","海淀四季青杏石口路36号（四博连院内）养生书画院","13401783531","广州义盛建筑装饰工程有限公司","Q015309761965","集中供养","4人","交通银行","6301917563031563062","2019-05-24","汪伟刚","461822197203026195","大董村路口西北100米"
"421407197310232323","酆静淑","慧忠路亚运村安慧里2区4号楼","13306813946","沈阳同优寿计装饰工程有限责任公司","N062056712061","分散供养","3人","交通银行","6304541563031559498","2019-06-04","成毅","360216199610316600","田村路43号京粮广场南3层"
"421418198803058297","酆致树","马甸西村甲16号","15305002306","天津同贵源科技有限公司","H003314850822","集中供养","2人","国家开发银行","6804636563031557471","2019-03-03","狄清","210309198507188110","南礼士路66号建威大厦B1楼"
"421511199110289960","伍宁欣","农光里36楼南侧劲松农光里农贸市场一层3034","15105187108","深圳凯汇多建筑装饰工程有限公司","K037095029617","分散供养","3人","交通银行","6741451563031561743","2019-03-05","史俊峰","371206199803171911","南四环中路城南嘉园14号楼华联公益西桥购物中心4层"
"421528197803084393","傅栋","金宝街东段路北小雅胡同62号","15903156744","成都佳洪建筑产业集团有限公司","H005429023818","分散供养","3人","国家开发银行","6727455563031561516","2019-04-28","项之","410909199105251063","梨园镇小稿村村委会东500米"
"421725199206092365","陶政谦","良乡长虹东路大学城购物中心3层","15908134211","深圳福富巨建筑产业集团有限公司","I056361720004","集中供养","3人","中国工商银行","6526258563031560406","2019-04-16","薛善","140906197011023106","北房镇幸福西街30号北大门两侧"
"430802198304037515","孔河哲","东直门内大街5号","13106710575","南京广洪宝房地产开发有限公司","B090387697488","集中供养","4人","中国银行","6638694563031559387","2019-03-30","俞贵福","221025197204062112","门城湖河堤路爱玛裕装饰城后门"
"431021197112226992","滕波宁","厂洼东一街3号","13207593061","广州中义贸易有限公司","S016269598527","集中供养","3人","中国建设银行","6952957563031556711","2019-04-01","秦巧","811818198705223077","东三环北路38号院 民生保险大厦3层"
"431120198408184973","华佳嘉","大屯路慧忠里小区201号楼1层","13604461200","杭州千圣建筑装饰工程有限公司","M065096293701","集中供养","2人","华夏银行","6757030563031565013","2019-06-26","钱乐","811104197007246993","志新东路志新小区33号楼底商"
"431408198003029328","喻安","通惠河南路雅世杰商务会馆北侧西行30米","13807398569","上海亚泰庆环境建设股份有限公司","Q036624237668","集中供养","3人","招商银行","6579901563031560661","2019-05-22","袁之","231620197603047406","东大桥宫霄国际一层"
"431603197506025941","姚厚庆","永旺珠江摩尔大厦8号楼底商","15805106100","广州盛永环境建设股份有限公司","F094630843254","分散供养","3人","交通银行","6827933563031556953","2019-03-05","祁全","461212198206184176","团结湖中路南三条南门对面"
"440625198401185840","伏雁蓓","酒仙桥南路9号星月亮马酒店B1楼","15807725890","济南盛永建筑装饰工程有限公司","C053015515599","分散供养","3人","中国邮政储蓄银行","6878836563031560923","2019-05-01","罗素","620720197402022527","定福庄路西50米"
"440718199808019428","奚和","京良路10号乐家购物中心3层","13502756217","重庆亨浩计装饰工程有限责任公司","Q002394563362","分散供养","4人","中国农业银行","6367506563031558490","2019-06-15","邬俊峰","230326198806217548","芙蓉东路京客隆对面"
"441001199203247515","蒋之","万达广场","13800967010","南京全信土石方工程有限公司","F065139700024","分散供养","4人","交通银行","6592979563031560935","2019-03-26","蓝诚先","330217197404181479","雁栖镇北台上路边牌楼下"
"441311198406028498","柏广志","东直门内大街144号","15107632052","成都公义股份有限公司","N042395443091","分散供养","2人","中国农业银行","6571385563031556174","2019-05-28","王黛","120109197809283385","吴家场路1号悦邻购物西侧底商"
"441626197012101638","郝红","北土城东路与樱花东街交口东120米路南","15707529010","济南兴本咨询管理有限责任公司","A000014360766","集中供养","4人","中信银行","6228815563031564761","2019-04-06","陈策腾","541220199410218741","良乡西潞北大街28号"
"441824197211258356","何琛","方庄芳古园一区24号楼底商","13401916812","大连佳洪房产经纪有限公司","L017928694687","集中供养","3人","中国人民银行","6644651563031559782","2019-04-18","华茗","500210198203115233","恒富中街1号院恒富花园小区2号楼"
"450104199610038156","尤豪","西三旗桥东1500米路南","15603193971","沈阳裕茂环境建设股份有限公司","H062560167299","集中供养","3人","中国工商银行","6823974563031561622","2019-05-23","明光天","641517199801284069","东三环北路38号院4号楼2层2层商业L204"
"450625197806041747","梁震","金城坊街1号2层-6室","15007496113","南京富金春集团股份有限公司","B063924313775","集中供养","3人","中国农业发展银行","6714865563031557730","2019-06-18","韩邦","440803199312237752","月坛南街30号万方西单商场3楼"
"451310199804189251","常纯毓","北三环中路丙6号","13402730421","深圳干捷建筑装饰工程有限公司","S039547207347","分散供养","2人","中国银行","6275701563031563076","2019-04-22","穆学祥","620106198703026548","东坝和敬路福润四季小区A6底商"
"451504199507319294","云苑","富生路10号","13406702917","天津飞凯国际工程技术有限公司","B064225736573","分散供养","2人","华夏银行","6679480563031562672","2019-05-25","阮娴","351017197208144975","双榆树西里双榆树三街3号"
"451626197203066925","陈善","金融大街甲9号金融街中心3层","15203065794","杭州凯汇多房地产开发有限公司","H040370586096","分散供养","4人","中国工商银行","6846252563031558242","2019-04-12","许裕","460906198507113364","前门大街97号三层"
"451803197009049132","窦全","林翠路倚林佳园小区内会所餐厅","13707444219","南京成同环境建设股份有限公司","F077927041801","集中供养","2人","中国农业银行","6535850563031559252","2019-03-09","罗风航","340712199501041508","星火西路17号泛海国际底商"
"460103197101053110","明光天","亮马桥东方东路官舍南区二层F206","13200686113","厦门丰成富环境建设股份有限公司","D034303879470","分散供养","2人","中国建设银行","6752105563031555940","2019-05-07","戚荣","131817197501124129","恒安大厦负一层"
"460128199712249475","姜震","新桥南大街49号","13802173928","杭州利台股份有限公司","P024924765649","分散供养","2人","中国建设银行","6442674563031560535","2019-04-17","水巧","321510197902022590","十三陵镇永陵村德陵路75号"
"460315197307291518","顾浩亮","王府井大街218-3号新天地宾馆一层","15301753118","上海台生益房地产开发有限公司","I018349273897","集中供养","4人","中国银行","6221124563031561636","2019-06-10","何辉力","500313197601302583","珠江罗马嘉园57号楼702室"
"460623199011231051","汤真环","香山清琴麓院","15104577418","济南巨弘同咨询管理有限责任公司","D030106429792","分散供养","4人","交通银行","6970268563031559406","2019-03-20","方成","510523198202133643","天星街1号院绿地缤纷城3层"
"460910199008194012","岑岩中","慈云寺住邦2000二号楼湘彤美食城","13908881397","上海美飞建筑产业集团有限公司","K033270603826","集中供养","4人","中国农业发展银行","6872737563031558250","2019-03-06","施伦","510815199003224453","右安门外大街56号"
"461604197207313812","鲍娴","西海西沿4号","15002876769","北京公华环境建设股份有限公司","B009231115942","分散供养","2人","中国农业银行","6363561563031555828","2019-05-23","戚之","211117197904064281","北新华街96号"
"500522197703069749","凤宁欣","东桥杆胡同与鼓楼西大街交叉口西南100米","13203335706","济南浩通聚贸易有限公司","O066510429311","分散供养","2人","中国工商银行","6631258563031559521","2019-06-15","酆思","460516197712154531","宏达路东口南150米"
"500617198703022025","任琼勤","双清路双清综合楼北","15905494648","重庆元宏房产经纪有限公司","E038524673275","集中供养","3人","中国建设银行","6602723563031563976","2019-05-02","席辉力","511702197407088770","田村路43号京粮广场南3层"
"500626197408263651","穆建家","西四环北路117号","15607216636","厦门捷国建筑产业集团有限公司","E048755879694","集中供养","2人","中国建设银行","6248455563031562222","2019-03-07","宋兴","450513198701203135","新天地31号楼底商"
"500814198706182571","马筠柔","黄徐路12号","15508564298","天津通浩环境建设股份有限公司","I092157491571","集中供养","2人","中国农业发展银行","6890646563031562700","2019-06-05","梁爽","151626197408285258","东华门大街11号"
"500902199811244775","梁明永","诚实胡同49号","13407578179","深圳亨浩集团股份有限公司","Q063026082903","集中供养","2人","中国建设银行","6239329563031564239","2019-05-29","董维启","411407199207201066","花园路甲2号院4号楼"
"501322197806229200","项维启","惠新东街19号","13506575125","南京升盈环境建设股份有限公司","M083389447499","分散供养","4人","国家开发银行","6372897563031562101","2019-05-20","陈裕","141003199410214608","东直门内大街189号"
"501502197512271980","王博","建国门外永安里10号","13002942153","厦门凯弘集团股份有限公司","I000074204606","分散供养","4人","中国邮政储蓄银行","6235074563031562188","2019-05-27","雷明永","371426198401052796","广泽路望京花园小区214号"
"501508199211073651","臧园艺","西客站南路东局乙8号","13704952941","厦门全信计装饰工程有限责任公司","Q052606566005","分散供养","2人","中国银行","6718308563031561167","2019-03-18","鲁辉力","500225199310281642","王四营乡道口村红事会路1号"
"501621199405104652","闵宜可","金宝街东段路北小雅胡同62号","15901995749","广州广洪宝房产经纪有限公司","M065072289903","集中供养","3人","中国光大银行","6426379563031558902","2019-03-23","齐贞","340402198103087314","三里屯南路6号楼南侧"
"510205198607144702","华庆","新中街13号","13806100609","北京祥耀集团股份有限公司","I060560558784","分散供养","2人","中国农业银行","6219707563031556320","2019-05-10","明波宁","541411198212229385","田村路43号京粮广场南3层"
"510427198806168883","孙兴","蓑衣胡同23号院","13504458458","深圳义盛环境建设股份有限公司","K021909154730","集中供养","3人","中国工商银行","6877642563031557347","2019-03-03","昌嘉","351618199209055284","渤海镇六渡河村"
"510603199706169563","凤冰爽","朝阳门外日坛北路日坛公园东北角","13703608664","广州进吉咨询管理有限责任公司","S005755345231","分散供养","2人","中国光大银行","6202311563031557066","2019-03-15","计泽","110411198510189084","北土城东路与樱花东街交口东120米路南"
"510624199504297727","水颖","常营中路8号","15201224840","上海长正升咨询管理有限责任公司","F043198922508","集中供养","4人","中国银行","6824303563031564121","2019-06-29","纪朋斌","321026197411173881","丰桥路7号院甲12-8号"
"510806197604293892","平广志","百子湾巴音食坊旁边","15903024693","成都圣优弘建筑产业集团有限公司","P049582045336","分散供养","2人","中国邮政储蓄银行","6446397563031565499","2019-06-19","滕琦","141113199801186367","流村镇环岛南侧北流村中心大槐树南50米"
"510911198912115364","章海","湖景东路新奥购物中心东A口","15906138238","天津富金春房产经纪有限公司","C052602945511","集中供养","4人","中国光大银行","6328036563031564093","2019-04-23","孔凝晓","130405199606111717","首经贸中街附近"
"511412198808186236","卜义兴","崔村镇昌金路西段","13405787310","重庆佳泰贵物业管理有限公司","P024250114656","分散供养","4人","交通银行","6830744563031558234","2019-03-17","水梦","220824196911268269","宋翟路"
"520306199512254811","穆树","后南仓小区","15806823428","广州中义房产经纪有限公司","E054738643992","集中供养","4人","中国邮政储蓄银行","6756287563031562954","2019-04-29","罗希","210815197711247477","久润花园东区"
"520309198012113553","禹保","后南仓小区","13007914875","天津全盛台房产经纪有限公司","F078826443706","分散供养","3人","交通银行","6108461563031556826","2019-03-19","苗澜","510806199102257518","望京街道广顺南大街望京园A1区610号楼底商109"
"520525197302215755","闵斌","樱花园三区","15107656200","上海进安土石方工程有限公司","F056178155761","集中供养","3人","国家开发银行","6194425563031563348","2019-05-08","曹谦","611709199809051975","永外果园8号欣雅汇生活广场5层"
"520827198211278819","董武新","香山买卖街东口","15006615099","广州元春本计装饰工程有限责任公司","H021669441936","集中供养","4人","中国银行","6989078563031556709","2019-04-26","祝壮","151617197309197324","宋庄路67号首开福茂3层"
"521009199501187765","苗钧冠","魏善庄镇魏善庄镇政府西1000米","15604054788","南京美辉咨询管理有限责任公司","E076425958156","集中供养","4人","中国人民银行","6634989563031556683","2019-06-07","平言","630404198008211112","北新华街96号"
"530103198102183734","薛朋斌","前门廊坊二条36号","13901905542","重庆飞润福建筑装饰工程有限公司","L001698781242","分散供养","3人","中国工商银行","6407376563031563350","2019-04-19","时行时","450603197801053006","酒仙桥路甲4号3号楼二层商业F203"
"530125197905156091","尤星","兴丰大街与双高路交叉口西北角郁花园三里","15308721306","杭州元宝汇计装饰工程有限责任公司","N076561968931","分散供养","4人","交通银行","6784804563031560657","2019-03-06","屈秀娟","621707199412033936","角门北路5号"
"530221198806268280","窦荔","东升镇西三旗昌临801号院18-17、18-18、18-19、18-20、18-21、18-22、18-23、18-24室","15803296770","沈阳顺合伟贸易有限公司","J032540322423","集中供养","4人","中国银行","6654966563031556290","2019-06-13","秦亨奇","621020199206176250","王府井步行街澳门中心3楼apm东面"
"530408199308169469","褚龙","北三环中路丙6号","15808548404","厦门飞凯科技有限公司","B028693609729","集中供养","3人","中国农业发展银行","6380306563031560426","2019-05-25","谢思","340318198409098459","大董村路口西北100米"
"530416197508096493","米言","韩村河镇下中院村玉珠谷","15506298888","广州元春本贸易有限公司","R048066505603","分散供养","2人","中国银行","6401832563031560944","2019-04-03","郝河哲","351718197805197741","太海路东50米"
"530602198704041685","纪功","天通苑北三区1号万合广场3楼","13503046873","沈阳瑞万百建筑产业集团有限公司","H060444351458","分散供养","2人","招商银行","6405086563031556052","2019-03-19","康祥","711408199009201957","东四环南路9号 燕莎奥特莱斯购物中心C座-3024号"
"531102197312034676","纪民","建国门内大街18号恒基中心商场2楼23号商铺","13003940176","南京公华环境建设股份有限公司","D047376962216","分散供养","2人","中国民生银行","6428181563031561488","2019-04-11","花红","501324197410039356","北新桥头条55号"
"531307197604232007","祁飞彬","北房镇幸福西街30号北大门两侧","13500273635","天津康宏房地产开发有限公司","H074450894338","集中供养","4人","中国人民银行","6911557563031558378","2019-05-12","郎蕊薇","330909199109073643","石佛营东里甲1号"
"540812198004127775","茅澜","车公庄西路18号","15503780008","北京丰巨建筑装饰工程有限公司","O023262671586","集中供养","2人","交通银行","6272211563031555817","2019-03-04","曹璧璐","510701199210291360","芍药居对外经贸大学东门向北100米"
"540819199607254110","黄宁","永安东里1号楼底商，近双子座东塔南侧","15508557028","厦门广光浩物业管理有限公司","N049988888011","集中供养","3人","中国农业银行","6856442563031557079","2019-03-31","花翠雅","141703198112245959","酒仙桥路18号颐堤港1楼50号"
"610209197208276358","薛真环","工人体育场东路20号春平购物广场底商1层","13101186994","成都洪生房产经纪有限公司","L084871318173","分散供养","3人","华夏银行","6130199563031559146","2019-03-20","魏爽","220902197201295270","永旺珠江摩尔大厦8号楼底商"
"610522197411285953","齐良海","乐园大街北京金运通大型轮胎翻修有限公司对面","13201878414","厦门康贵建筑产业集团有限公司","S067667672230","集中供养","4人","华夏银行","6266945563031564483","2019-03-26","计博","541801198711254936","东升镇西三旗昌临801号院18-17、18-18、18-19、18-20、18-21、18-22、18-23、18-24室"
"611423198311052662","卫仪","中关村大街15-3号","13608658180","广州千圣环境建设股份有限公司","S033586914395","分散供养","4人","华夏银行","6572988563031560548","2019-03-03","狄咏卿","340712197706057952","东直门外大街胡家园小区23号"
"620428199810074154","方义兴","五棵松西翠路","13906335850","天津丰成富物业管理有限公司","I026878173877","分散供养","4人","中国民生银行","6625863563031562813","2019-05-21","郝泰盛","710419197210114875","三里屯北路19号三里屯太古里南区3层S9"
"620722199511271907","方美娜","体育馆路1号幸福大街南口天坛饭店一层","15604274096","天津义盛计装饰工程有限责任公司","B034146643187","分散供养","2人","中信银行","6591572563031560813","2019-05-08","顾明永","611124199010188693","小汤山大柳树环岛向东5公里路北"
"621209199811266228","元泰盛","平房乡黄渠村甲106号","13102335016","济南源进集团股份有限公司","I035503086323","集中供养","4人","中国农业银行","6742178563031565389","2019-03-01","明元全","210121197810036261","宏达路东口南150米"
"621402199811048077","祝中","朝凤路243号","15107122862","上海丰鼎吉计装饰工程有限责任公司","H008437575419","集中供养","2人","中国建设银行","6658510563031556946","2019-06-22","王娜","460708198005048615","亦庄经济技术开发区荣华南路9号院2号楼"
"630218199011069109","雷清","安定门内大街252号","15006820866","南京巨弘同房产经纪有限公司","I061898209599","分散供养","3人","中国建设银行","6754631563031561277","2019-06-06","史顺","411211198509131584","香江北路康营24期"
"630407199304143843","庞辉力","月坛西街甲2号","13506672076","南京同贵源建筑装饰工程有限公司","L096399690476","分散供养","2人","中国光大银行","6165646563031563846","2019-04-26","王承乐","710218198505077425","双清路85号"
"630505199702055231","狄清","顺源街牛王庙2号","15206748032","大连丰巨物业管理有限公司","J097113618614","分散供养","2人","中国建设银行","6958075563031560410","2019-03-13","时磊民","651722199303213006","五棵松玉渊潭南路中铁广场1层"
"631228197011067324","凤雪荣","玉泉西里二区38号楼-1层D06商业","15000914069","天津凯弘咨询管理有限责任公司","E051980890000","分散供养","3人","中信银行","6446138563031562797","2019-05-08","魏琦","221817199506073748","三里河路41号，甘家口大厦南侧200米路西"
"631428197407288249","熊冠","小瓦窑小屯路4号院1号楼","15302475316","北京安生建筑装饰工程有限公司","B058753771187","集中供养","3人","中国邮政储蓄银行","6932936563031563467","2019-03-24","水斌","361518198107138757","东长安街甲1号东方君悦大酒店1楼"
"640623199209026311","范兰凤","石门村东路12号","13800720702","广州福富巨集团股份有限公司","O001876135519","集中供养","3人","中国农业发展银行","6451619563031558884","2019-05-19","凤义兴","140902197202275452","团河路盛家华苑3号楼3层"
"640711198402134402","蒋豪","鲁谷建材市场","13105372991","沈阳通满房地产开发有限公司","F091596019535","分散供养","2人","中国工商银行","6746498563031558081","2019-06-30","湛树","620824198405261475","朝阳左家庄东街58号楼master领寓"
"640906199605051950","顾军","法华寺街体育馆西路路口","13005758108","大连广洪宝环境建设股份有限公司","M038136435283","分散供养","4人","中国建设银行","6304960563031558500","2019-03-19","方厚庆","410826197007091736","黄村镇黄马路42号"
"641603197512256332","陈凡","工人体育场东门北侧","15605765498","广州隆新正物业管理有限公司","D021827512644","分散供养","3人","中信银行","6648119563031558872","2019-05-31","尹枫芸","341104199605217134","百子湾西里403号楼负一层"
"641708198305306872","华姬舒","东长安街33号北京饭店C座7楼","15105931053","天津弘富房地产开发有限公司","I086604186199","分散供养","3人","中国邮政储蓄银行","6153978563031558113","2019-05-09","闵进","230223198103167376","新华西街60号院，万达金街A区A3-111"
"650201198811273269","汪莲","蓑衣胡同23号院","13107180299","成都广洪宝计装饰工程有限责任公司","D043338259448","集中供养","4人","中国邮政储蓄银行","6605789563031558632","2019-04-27","朱星","110718198209118368","天通苑国泰东三区2号楼"
"651617198708076566","岑磊民","七圣路光熙门北里20号","13006754523","南京瑞合皇建筑装饰工程有限公司","A022592716229","集中供养","4人","中国民生银行","6397166563031559371","2019-03-04","凤乐","410404197906023155","丰台南路阳光大厦2层"
"710105199603271024","邬星","回龙观西大街107号昆泰嘉禾酒店一层","13907241303","重庆亨本同集团股份有限公司","S057195509538","分散供养","4人","中国建设银行","6788269563031561852","2019-05-26","史娣叶","640215198001087435","丰科路6号院万达广场5层5003号"
"710221198207084835","纪贞","金宝街东段路北小雅胡同62号","15501887692","天津洪生咨询管理有限责任公司","I017980511968","分散供养","4人","中国人民银行","6119630563031564898","2019-04-24","张淑","531509198701068011","复兴路69号五棵松华熙LIVE商区东区B1层"
"710407198502189490","戚冠","大黄庄222号","15103080812","大连佳洪建筑产业集团有限公司","O004393654256","分散供养","4人","中国银行","6442788563031565255","2019-04-05","郑超","460528198405286633","大井桥南202号"
"711009198301305997","伍若鸣","北土城东路与樱花东街交口东120米路南","15302730066","重庆全信科技有限公司","S096755280502","分散供养","3人","交通银行","6327833563031559645","2019-05-01","费朋斌","510408198605055321","朝阳南三里屯路16号一层"
"711122198811246583","茅以","前山所前山岱山路74号工业区6幢1楼","13606097168","济南光福巨房地产开发有限公司","F064801829984","集中供养","3人","华夏银行","6351462563031556060","2019-03-31","韩发","441726196909099877","嘉园路安太嘉园医院对面"
"711319198001126434","苏翔旭","宋庄镇小堡文化广场旁徐宋路东","13802165982","深圳富金春建筑装饰工程有限公司","J076088618129","集中供养","2人","中信银行","6776374563031556438","2019-05-25","施良海","810628199402247681","旧鼓楼大街51号"
"711425199110039231","苗彪博","楼梓庄路87号附近","15206953922","重庆东裕房地产开发有限公司","R041603153414","分散供养","3人","华夏银行","6412253563031558481","2019-06-21","舒翔旭","421125199707042718","玉桥街道潞阳桥西路花石匠东区旁"
"711619197009156039","郑俊峰","玉桥街道潞阳桥西路花石匠东区旁","15901907008","广州洪生科技有限公司","R081886968727","分散供养","2人","中国农业发展银行","6412471563031565029","2019-04-11","孙朗伯","151522197905262063","首都体院馆南路16号10号平房"
"711818199007076092","姜菁梦","望京soho塔1B1楼底商","15200942659","天津进吉房地产开发有限公司","F093029041030","分散供养","3人","中国农业银行","6298364563031562565","2019-05-02","平武新","530401198904163698","七圣中路12号爱琴海公园购物中心6层"
"810206198607104161","明善","赵公口桥南光彩路慧时欣园10号楼如家酒店一层","15907767756","深圳聚荣信建筑装饰工程有限公司","O044456341646","分散供养","2人","中国人民银行","6710977563031564374","2019-04-03","柏楠榕","130407199008117797","崇文门外大街3-5号新世界百货青春馆3楼"
"810319199709062654","贺克伦","三里屯北路19号三里屯太古里北区3层","15006544530","沈阳通浩集团股份有限公司","J081080863351","集中供养","4人","中国银行","6986766563031563195","2019-05-02","平建家","461316199308253019","白纸坊街道万博商厦7号楼王府井购物中心4层"
"811315198401286616","姜舒","玉带河东街西上园南门对面","15000335107","深圳浩通聚土石方工程有限公司","P028897335473","集中供养","4人","中国民生银行","6461683563031557464","2019-05-02","伏永","131404198806094000","南新园16楼"
"811423198306203105","计武新","百子湾路甲16号国锐易构空间1号楼","15007384177","天津福富巨计装饰工程有限责任公司","S042219174879","分散供养","2人","中国工商银行","6525719563031564247","2019-05-02","秦辰","521307197304227255","溪翁庄镇石马峪"
"811711199212295737","顾希","南磨房路34号楼天客隆大厦B座二楼","13906102831","大连干捷咨询管理有限责任公司","H077255393185","集中供养","4人","国家开发银行","6154827563031564518","2019-05-17","庞翰","140110199108062931","上地华联4层"
"811714199507176972","梁瑾颖","丰科路6号院万达广场5层5003号","15507444655","上海昌晶美建筑产业集团有限公司","N001020627766","集中供养","4人","中国人民银行","6984205563031560781","2019-04-28","席秀娟","440705199811061969","南法信镇府前街焦各庄路55号"
"811722197910185332","汪启","地安门西大街119号","13902337434","沈阳凯弘计装饰工程有限责任公司","C023887907816","集中供养","3人","交通银行","6100356563031564874","2019-05-14","席云莲","460119197201254038","建国门外永安里10号"
"811802199905147909","华政谦","二七厂路杜家坎4号院内","15702631944","大连福富巨物业管理有限公司","J068373970699","分散供养","2人","中国农业银行","6108400563031563594","2019-05-27","窦美娜","121525199605178635","魏善庄镇魏善庄镇政府西1000米"
"811823199103272871","邹瑾颖","定福庄路西50米","13902772617","北京荣德顺土石方工程有限公司","N066928790992","集中供养","4人","中国光大银行","6795813563031563854","2019-03-23","任毓","231024198303105313","崇文门祈年大街东打磨厂街7号新活馆三层"
