"祁庆","110125199603307102","小黄庄北街环贸新生活斜对面","15503852604","鲢鱼","方庄南路157号","C051881326847","2019-03-24"
"湛娜","110826197002245529","亦庄经济技术开发区天宝南街上海沙龙商业街","13805409069","鲤鱼","双井双花园南里2区13号楼商业4号","H087093845061","2019-03-08"
"苗翔旭","111014198308093954","张坊镇大峪沟村九区23号","13508494574","鲤鱼","三里屯路19号三里屯太古里北区地下一层","I042675392278","2019-05-11"
"项士以","120625198305292521","京原路7号","15604513811","丁桂鱼","罗马湖左堤路1号","P097633862834","2019-06-16"
"黄河哲","121214197310185756","广顺北大街16号望京华彩商业中心4层","15503822716","南美白对虾","太师屯镇光明村一号","O095244050366","2019-05-22"
"齐江超","121310199907069430","丰体南路丰体时代","13803391489","鲤鱼","燕平路石油大学西门","M003148958200","2019-03-02"
"元邦","130101197505226523","小黄庄北街环贸新生活斜对面","13502000599","鳡鱼","朝阳门南小街大方家胡同芳嘉园11号","O040535318882","2019-06-26"
"伍岚苑","130107198310107438","楼梓庄路87号附近","13908618353","鲈鱼","黄花城水长城景区九渡河村九渡河桥南","K029493866287","2019-06-08"
"褚亮","130118198909083050","东安门大街53号","13403402719","鳡鱼","穆家峪镇阁老峪华润希望小镇5-1","R082111130689","2019-05-11"
"熊龙","130420198806227980","朝阳路花北西社区","13500532259","鳗鱼","南楼梓庄化工路18号","B022903758874","2019-05-22"
"马伟刚","131012198912145022","东皇城根南街76号","15908010437","鲫鱼","工人体育场南路1号富国海底世界","M084504779614","2019-05-03"
"成言","131805199705148567","大杨山森林公园内","15505211747","加州鲈","东皇城根南街76号","J024688181865","2019-03-15"
"明鹏泽","131818198904032233","东直门内大街235号，簋街西边","13802861143","鲢鱼","沿河景观路47-4号","N090795302286","2019-04-18"
"康才发","140519198505184833","雁栖镇京加路跃进北京世升旁","15602808377","鳄 龟","六道口清华东路25号","E061966744892","2019-03-01"
"钱云莲","140701199208232159","建国门外永安里10号","13202758406","丁桂鱼","南四环中路城南嘉园14号楼华联公益西桥购物中心4层","P002374905767","2019-06-13"
"卜仪","140723198104038872","行宫街59号","15301851982","青鱼","鲁谷建材市场","M016150799205","2019-06-21"
"岑健世","141205198906188266","李家坟7号院创意总社1949","13103732399","鳗鱼","东亿国际传媒产业园8号西区演播大厅A座二楼","K073063422799","2019-05-04"
"奚固之","141316197211202981","良乡镇拱辰大街12号蓝帆美容美发院内","15703229063","鳡鱼","广渠门内东花市大街","E030667867633","2019-05-03"
"皮琛","141407198508032812","志新东路志新小区33号楼底商","15204693609","中华鲟","宝盛路宝盛里小区8号楼底商101号","J045025938561","2019-04-26"
"康超","150123199705104978","建国门外永安里10号","15707283632","牛蛙","东大街20号","K063516252058","2019-03-08"
"乐生龙","150506198603117957","恩济庄18号东门","15807693089","鳡鱼","渤海镇田仙峪村","O076607701443","2019-04-11"
"杜毅","151510197010123065","樊家村芳菲路8号商业楼","15300842543","牛蛙","展览馆路3号","M021867045153","2019-03-07"
"奚芳","151728197507287569","七星路","15704825487","泥鳅","阜石路159号首钢篮球中心1层西侧","R016863146766","2019-06-21"
"赵琰","210206199712082279","太平桥路44号中青旅山水酒店1楼","13804373078","大闸蟹","朝阳北路青年汇三期102号楼301室","L003969185363","2019-03-31"
"彭飞彬","210218197803199384","小关西街7号牡丹园西里","15203605148","鲫鱼","方庄南路157号","G049598394601","2019-03-15"
"谈群豪","210325198205034691","徐宋东四街小堡环岛向东100米","13301101203","哲罗鱼","马家堡西路11号","I008777045728","2019-06-26"
"贝冠","211009198501287396","北坞村路23号北坞创新园2号楼","13702592685","乌鳢","芍药居北里101号世奥国际中心A座B101北4","D059832107835","2019-04-25"
"尹光天","211518197907165842","紫金庄园9号楼一层","15106454943","鳗鱼","北三环中路丙6号","S030420425780","2019-04-01"
"谈韵融","220301197306085056","广渠路甲18号斌强宝兴商务酒店2楼餐厅","13906538135","丁桂鱼","卢庄村63号","H066361288446","2019-04-18"
"殷莲","220526198701014607","王府井步行街澳门中心3楼apm东面","13308248337","鳗鱼","外交部南街8号京华豪园1楼","J081324870189","2019-06-03"
"蒋良海","220708198606289111","西牛角胡同1号","13206125980","丁桂鱼","五棵松金沟河路19号，玉泉路与永定路中间","H081172709382","2019-04-07"
"谈思","220804198407223172","怀北镇大水峪村192号","15308667723","丁桂鱼","呼家楼京广中心瑰丽酒店三层","C008532202021","2019-06-14"
"乐婵","220816197201098290","青年路西里3号院10号楼1层F1-15","13000106577","花鲢","城南街道南口路29号L3-037-1","F092892154696","2019-03-07"
"董丹","221025197905311269","百子湾南二路百子园后现代城D区16号楼底商","13602780848","鲈鱼","东堂子胡同77号","E026766667603","2019-06-18"
"史芸","221602198710067351","永外果园8号欣雅汇生活广场4F-16","13300829078","青蟹","白纸坊街道万博商厦7号楼王府井购物中心4层","S060442033278","2019-06-11"
"韩真环","221603198809293397","北苑路108号","13400548125","鲶鱼","西翠路11号","G012517854986","2019-05-19"
"鲍琳素","221828198404187602","北土城东路与樱花东街交口东120米路南","15304102596","哲罗鱼","方庄南路","P016034907046","2019-04-08"
"贺友裕","230302199612094293","和平街11区3号楼","13307930479","大闸蟹","青年路达美中心1号楼3层","M006568197964","2019-06-19"
"于瑞凡","230517199406215888","南大红门路临89号","15907074901","鲫鱼","甜水园北里1号楼东半侧的西侧一层","A028595693213","2019-03-11"
"章蓓","230613197310024016","月坛南街30号万方西单商场3楼","13808054135","鳡鱼","王四营乡道口村红事会路1号","D063829596484","2019-03-27"
"鲍栋","231025197701157486","望京soho塔1B1楼底商","15104480212","中华鳖","张郭庄17号","N033910816031","2019-03-14"
"成伦","231109199711126730","火沙路香蜜湾小区一号楼101室","15802291832","中华鲟","大有庄大街18号大有庄社区","S009201682563","2019-04-17"
"姚厚庆","231112198110041745","阳坊镇西贯市村后街4号","13405233088","鲤鱼","洋桥北西罗园4区甲20号楼北","L093161273354","2019-03-14"
"李致树","231123199802016235","珠江罗马嘉园57号楼702室","13504752602","太阳鱼","七圣路光熙门北里20号","D042333463252","2019-04-14"
"郎莲","231415197702043459","丰台北路20号","15700411738","鲫鱼","苹果园南路东口乐活美食汇五层","G091149547599","2019-03-17"
"鲍伦","231708198501309929","二七厂路杜家坎4号院内","13206761320","鲻 鱼","东直门外大街42号三层","P064988123208","2019-05-24"
"卞致树","231712198107108932","北太平庄路25号17栋豪威大厦B座首层","13903106609","鳗鱼","安翔路长空院内","O085117060537","2019-05-24"
"昌子","310502197611192829","万盛北街万盛北里甲420号楼一层105室","13901952878","丁桂鱼","怀黄路苇店村","M097247771064","2019-03-28"
"邬毅","310605199712292955","珠江罗马嘉园57号楼702室","13903577446","巴西龟","西泗上村口徽派古建","J013435248342","2019-05-25"
"任先","310712199303171767","三里屯路19号三里屯太古里北区地下一层","13807044044","丁桂鱼","新国展南门对面荣祥商业街800-101号","P067104374556","2019-06-30"
"廉晨辰","310921197808051860","兴隆商业街50号","13202053815","泥鳅","友谊路102-17号楼","N062965007024","2019-06-02"
"黄以","311011198004033675","中关村南大街31号神舟商旅酒店一层","15108440040","鲶鱼","古北水镇沙岭81-2","S075896674525","2019-05-17"
"王栋","311420196912238801","青年湖西里4号附近","13701033208","小龙虾","小黄庄北街环贸新生活斜对面","L011342313406","2019-03-25"
"安和","311424198308051473","静安里党校路3号","13304916799","鳗鱼","水闸路12号三家店西口车站","M047235831894","2019-03-24"
"昌朋斌","320626199110226403","百子湾路16号百子园4号楼底商","13804987668","丁桂鱼","垡头西里13号院7号工场自如寓A121室","A007831770024","2019-05-20"
"尤君琴","320823199306149017","溪翁庄镇石马峪","13307105667","哲罗鱼","八里庄南里","L031414278919","2019-06-25"
"姜若鸣","320911199811305333","工体北路13号世茂广场·工三4层","15705711046","梭子蟹","东四五条139号","E000891273734","2019-03-23"
"水兰凤","320920199303203942","胜古路","15203448354","草鱼","芙蓉东路京客隆对面","I075023228247","2019-04-09"
"平功","321117197103133147","工人体育场南路1号富国海底世界","15805714965","鲢鱼","学清路58同城大楼D门内","A092104991308","2019-03-19"
"孟巧","321201197208195670","光彩路京港城生活广场5层","15802808067","鲤鱼","七星路","I073904035723","2019-06-25"
"华磊民","321214199206303299","朝阳门外日坛北路日坛公园东北角","15000426018","鲈鱼","亦庄经济技术开发区天宝南街上海沙龙商业街","M067557934854","2019-03-26"
"俞璐","321714197910201264","旧鼓楼大街甲3号","15707822374","鲶鱼","安泰大街中粮祥云小镇九号院九号楼303室","I010927978746","2019-03-24"
"许伯","330512197604081550","天通苑国泰东三区2号楼","13504700844","花鲢","台湖镇外郎营村103号","G001174222299","2019-05-07"
"方伟刚","330713197211274255","光华路东里8号院中海广场6层","15904351706","武昌鱼","苹果园大街与苹果园路交叉口西北50米","G049785948735","2019-06-28"
"费岚苑","331820197912131044","回龙观东大街创客广场西南角腾讯空间B座一二层","15106307062","鲤鱼","东城家乐福后门对面","K049584595339","2019-04-03"
"禹会思","340327198502267122","迎风北路迎风六里2区南门对面","13604700427","青蟹","日坛路日坛公园北门内北天门东侧","Q049813739911","2019-05-13"
"臧楠榕","341107198105309787","百子湾南二路百子园15号楼102C号","15008606628","鳜鱼","看丹桥建国路7号","G044085966751","2019-05-08"
"俞学祥","341311199902151557","楼梓庄路87号附近","15508420994","小龙虾","丰科路6号院万达广场5层5003号","P059827195466","2019-06-13"
"廉姣","341412197209277947","科学院南路2号院1号楼融科资讯大厦B2","15501374376","草鱼","西什库大街31-42号","P074449329412","2019-03-03"
"郝超","341821197308024982","昌平十三陵镇长陵园村南门天香百味小砂锅","13706896427","鲤鱼","东三环北路南银大厦后侧，雨花咖啡旁二楼","B059664643517","2019-06-21"
"戴琼勤","350224197302284308","十里堡地铁站D西南口西150米","15201737923","青蛙","大董村路口西北100米","L097809312277","2019-06-27"
"凤秀娟","350508198611229396","前门廊坊二条36号","13905057948","鲈鱼","香山一棵松29号","J063044487757","2019-06-16"
"李岩中","350626197807245766","马池口镇政府北800米,华彬庄园对面","15306557003","乌鳢","志新西路1号院一层南侧","G087605573940","2019-05-07"
"卫榕","360827197110234685","东升科技园西小口66号东升凯莱酒店","13900186345","中华鳖","中关村北二条13号平房D-18号","D052423963751","2019-03-09"
"姜梁栋","361026198607219943","苏州街15号","13702923874","青鱼","东四东四十条22号南新仓谷A16号","O097359352623","2019-06-19"
"柳菲寒","361717197001264245","甘露园南里25号尚街购物中心3层","13700975130","青鱼","双榆树西里双榆树三街3号","K075218793523","2019-04-06"
"戴学祥","370114198003094068","朝阳门外日坛北路日坛公园东北角","15608638504","鲫鱼","西三旗桥东新都东路1号","G016156844915","2019-04-19"
"云才发","370118199012044214","知春路城铁站对面","13104683977","青蛙","静安里党校路3号","J049242797829","2019-06-13"
"俞彪博","370317198011241438","十八里店乡老君堂村天宜公寓底商","15504754977","牛蛙","前门大街97号三层","H049507502344","2019-04-25"
"魏雄琛","370324197902204459","鼓楼东大街311号","15200046424","中华鳖","建国门外大街1号国贸大酒店4层","N055369731642","2019-03-12"
"华羽希","370417198001025420","005乡道与平沿路交叉口旁","15604197306","加州鲈","宋庄镇小堡村北街18号","N058646920899","2019-04-19"
"尹爱妹","370613198103255422","团结湖路48号","15802840140","鲢鱼","黄村镇兴华南路1号2幢平房31号","P006147504155","2019-03-29"
"冯星","371011198412257812","德胜门外大街乙11号","13603260755","鲢鱼","角门北路5号","O059941763772","2019-03-24"
"云朗伯","371225197201311420","北京站3号","15001175285","鳡鱼","百子湾路甲16号国锐易构空间1号楼","B027920138736","2019-04-02"
"明国胜","371509197907069909","首都机场南路甲1号","13308231845","青鱼","北新华街96号","L093920189985","2019-06-05"
"廉士以","371601198405227294","管庄路京客隆北200米红路灯西40米","13805351272","鲫鱼","西二旗唐家岭北路东口","K001740723514","2019-03-01"
"鲍家","410401197305116852","七圣路光熙门北里20号","13308025647","鳡鱼","东直门内大街282号","C006728609723","2019-04-09"
"赵康星","410808197507219594","吴家场路盛今佳园4号楼底商","13205604602","花鲢","五彩城2楼315","J046629292839","2019-03-31"
"谈璧璐","411025199707061475","美术馆东街蒋家大院胡同8号","13101347278","梭子蟹","梨园葛布店东里47号楼底商","P034285558690","2019-05-20"
"禹香","411502199109306272","渤海镇田仙峪村","13603913586","太阳鱼","雅成一里19号楼世丰国际大厦2层","N093093802445","2019-06-29"
"酆亨奇","411611198310183261","工人体育场东门北侧","15307457919","草鱼","玉带河东街西上园南门对面","D082129422924","2019-05-12"
"毛素","411801197603076842","石门路1号","15702310338","草鱼","青年路达美中心1号楼3层","D038667085212","2019-04-13"
"金勇毅","420215199005088928","乐园大街北京金运通大型轮胎翻修有限公司对面","13801408877","中华鲟","首体南路甲20号","L064201135354","2019-03-21"
"花政谦","420920199507255618","王府井小吃街西口","15202492575","青蟹","物流01号","S078943914148","2019-04-15"
"卞文","421317199211058707","增光路11号","13808484645","鳗鱼","草市街与徐尹路交口东北角徐辛庄电子工业技术学校西侧","C093990610016","2019-06-18"
"姜维启","421318197303111632","旧宫镇东营房车站马路东侧","15605198313","中华鳖","香山买卖街东口","G026462492685","2019-05-07"
"郎媛艳","421709199202239920","白家庄东里甲4号","13800342033","草鱼","土桥中街","C007508395212","2019-05-14"
"祝珍贞","430110197209186289","三里屯幸福三村五巷","13301850697","牛蛙","华润万家二楼","G069781688673","2019-06-06"
"郎馨","430326198506108930","武圣东里甲51号楼","13907330861","鲻 鱼","太仆寺街48号","C054946686091","2019-03-13"
"韩萍红","430414199410084394","育知东路回龙观龙腾苑六区10号楼","15902334419","中华鳖","台湖镇外郎营村103号","D027194171269","2019-06-26"
"滕昭","430713197506147709","旧鼓楼大街51号","13606032207","鲢鱼","东兴隆街56号北京商界2楼西侧","B061566839284","2019-06-14"
"孙亨奇","430825198711278689","永外果园8号欣雅汇生活广场5层","13503657796","南美白对虾","东亿国际传媒产业园8号西区演播大厅A座二楼","J064990043447","2019-03-06"
"禹波宁","431212198802185298","东三环北路南银大厦后侧，雨花咖啡旁二楼","15203642546","鳜鱼","八角东街12号京成商厦2层203号","I071498415883","2019-06-19"
"赵珊莎","431818196912089076","阜石路当代商城北侧停车场104号","13603013940","鲈鱼","劲松八区805号","D068177483091","2019-04-02"
"熊时","440302199406221694","顺义站前北街四排9号","15200673131","丁桂鱼","广安门外南滨河路87号","P084300647286","2019-06-10"
"宋茂进","440302199506259792","工人体育场东门北侧","13201460018","青蛙","东城家乐福后门对面","M062109379845","2019-04-29"
"成武新","440611199506179779","东三环南路54号劲松桥东北角","15203907396","加州鲈","天通苑国泰东三区2号楼","K041743735775","2019-05-20"
"时鸣","440801197612035158","光华路15号伯豪瑞廷3层","15000515577","青蛙","小关西街7号牡丹园西里","S073225910519","2019-04-02"
"章达安","440813197411212763","牌坊胡同甲7号银河SOHOB座B1层","15808703039","鳗鱼","文学馆路芍药居16号楼","H079047137519","2019-04-04"
"马勇毅","441014197510013449","东四十四条75号","15108467260","鳗鱼","古北水镇沙岭81-2","L043912345527","2019-04-20"
"舒良海","441109196912114975","安翔路长空院内","15703037926","哲罗鱼","鼓楼南大街东侧1号楼1-2层","J038130332823","2019-03-10"
"米倩","441218199809118598","双榆树西里双榆树三街3号","15704201745","大闸蟹","宜居南路2号楼四元桥家乐福3楼","E025496312055","2019-06-28"
"董心邦","441316198905144385","昌平西关北路北侧西关商贸楼7号","15001590707","鲈鱼","甜水园东街7号","B068936798127","2019-05-03"
"滕心邦","450327198010252357","翠微路3号院翠微大厦西门对面","13801218624","鲤鱼","朝阳红军营东路","C024833702306","2019-03-14"
"吕进","460411198807077085","梨园镇小稿村村委会东500米","13001158125","鲶鱼","角门北路3号首座绿洲2号楼","F002820176751","2019-05-31"
"柏春菊","460505198010229808","东四北大街隆福寺东口537号（汉庭酒店底商）","15207211508","牛蛙","南新园16楼","F071437813630","2019-03-23"
"卫翔旭","460924197303086383","百子湾南二路百子园15号楼102C号","13004545559","鲢鱼","管庄路京客隆北200米红路灯西40米","Q096909665610","2019-04-06"
"朱哲","461117198902202023","东交民巷44号国家博物馆南","13001885943","丁桂鱼","干二路70号","C005767216357","2019-03-25"
"马辰","461210197310218783","宋庄路67号首开福茂3层","15604223591","小龙虾","金城坊街1号2层-6室","L027395316224","2019-05-19"
"唐莲","461223199808245883","外交部南街8号京华豪园1楼","15003234483","太阳鱼","后海大金丝胡同4号","D083473614555","2019-04-02"
"喻荣","461315198412247764","八角东街12号京成商厦2层203号","13707261388","鳄 龟","绿地缤纷城2期3层","R043727865013","2019-06-01"
"彭冰爽","461415197109125192","三里屯北路19号三里屯太古里南区3层S9","15107397622","青鱼","晓月中路晓月苑一里宛平办事处一层","D069652030558","2019-05-18"
"伍岩中","461628197109185059","王府井大街301号东华金街购物中心6层","13001907035","鳡鱼","霍营洋辣椒羊蝎子火锅对面","M037381775136","2019-05-29"
"祁子","461705199606282897","七星路","15503258741","丁桂鱼","西关大街30号","A024757806162","2019-03-16"
"吴富顺","500320198501121374","怡馨家园南门5号楼底商","13408446908","小龙虾","马家堡东路味多美旁","A019963496918","2019-06-26"
"和德","500714198109232412","金盏路京客隆对面","13405260261","花鲢","顺义站前北街四排9号","A013648725884","2019-06-02"
"柳素","501104197312276910","东四五条139号","15504416802","草鱼","亦庄经济技术开发区荣华南路9号院2号楼","O021459704145","2019-03-10"
"昌建家","501318198203031281","南楼梓庄化工路18号","13707281982","鲈鱼","广外大街手帕口西街广华轩4号楼","A022488359691","2019-03-06"
"安宏言","501619198611264894","霍营洋辣椒羊蝎子火锅对面","13704537363","武昌鱼","常营中路民族家园综合楼13号","S060819950520","2019-05-11"
"贝泰盛","501708197412201073","黄徐路12号","13903740424","鲻 鱼","府前街19号","Q062526224670","2019-06-09"
"何贵福","501808198002145663","马家堡东路蝎老金旁边","15308862950","鲫鱼","百子湾巴音食坊旁边","C032263792548","2019-05-01"
"孙君琴","501817198006058117","东四四条甲82号","13507988898","大闸蟹","天通苑国泰东三区2号楼","R073872189094","2019-05-01"
"施利清","510520198801082631","五彩城2楼315","13304026774","巴西龟","永定路66号长峰假日酒店2楼","B070629678552","2019-06-19"
"柳元全","510722197903081491","旧宫镇树桥村酒厂路","15202506184","鳄 龟","密三路8号","P052585920751","2019-03-09"
"汪庆","511220198510277694","东三环中路环球金融中地下M楼","15203451522","大闸蟹","中关村大街18号中关村科技贸易中心8层03、05、06号","N073759271390","2019-06-24"
"窦生龙","511314198912086505","文学馆路芍药居16号楼","15707552212","加州鲈","小营东路甲5号","G019054537129","2019-03-10"
"水枝思","520608199511193198","顺义站前北街四排9号","13107332217","梭子蟹","团河路盛家华苑3号楼3层","G067404689296","2019-05-23"
"水爽","521804198808106095","良乡西潞北大街28号","13003931196","青鱼","朝阳北路101号大悦城6楼","B067033145020","2019-04-24"
"孟彪博","521807197708025478","崔各庄乡马泉营村八金马旁","13605108191","青鱼","三里屯北路19号三里屯太古里南区3层S9","A025512195240","2019-03-17"
"雷磊民","530110197908198525","芦花路44号","15508047275","巴西龟","采育镇大皮营三村福西街115号","K039400123802","2019-05-04"
"史风航","530324199211153615","草市街与徐尹路交口东北角徐辛庄电子工业技术学校西侧","13001660371","小龙虾","甜水园东街7号","O029331645537","2019-03-10"
"蓝士以","530517197205233331","百子湾南二路百子园后现代城D区16号楼底商","13201245732","鲈鱼","万达广场负一层家乐福出口处","K005552808443","2019-05-31"
"奚天","530627198212057884","西半壁店村463号","13700182586","牛蛙","李桥镇右堤路东方太阳城南门南70米","D003564952699","2019-06-04"
"谈亮","530709198909111045","南礼士路66号建威大厦B1楼","13408102921","青蟹","徐宋路385号","O023368919039","2019-03-12"
"戚健世","530818199602227939","玉渊潭南路专家公寓院","13205337046","鲶鱼","南新园16楼","P038069373045","2019-06-03"
"禹元全","531502199709246104","广渠路66号院4号楼底商","15608470626","大闸蟹","北马庄翠福园小区34号楼旁边","C054386154041","2019-04-05"
"顾浩亮","531802199210031398","湖景东路新奥购物中心东A口","13701852743","牛蛙","月坛西街甲2号","H039746876764","2019-05-14"
"顾超","540217198405035608","新源南路1号都汇天地商场3楼","13501901965","太阳鱼","芍药居对外经贸大学东门向北100米","F086971699900","2019-04-03"
"袁菲寒","540306197204087312","徐宋东四街小堡环岛向东100米","13400517071","鳡鱼","北京站3号","J065108171469","2019-04-05"
"金勇毅","540307198812224042","新城子镇曹家路村","15205560399","草鱼","石门村东路12号","S064735970639","2019-04-22"
"余梁栋","540424197012063664","杨庄路70号院内（公社1958创意园内）杨庄医院丁字路口东南角","13608027861","大闸蟹","霍营洋辣椒羊蝎子火锅对面","R010331917278","2019-05-17"
"花波宁","540910198705244640","大黄庄222号","15708733251","鳜鱼","红螺路20号","M038280301895","2019-06-20"
"伍宁","541318198905014155","康健胡同2号","15807576533","泥鳅","十八里店横街子村阳光金港建材城对面","M003869714620","2019-03-28"
"罗伦","541323197204218364","常营中路8号","13802623127","鳄 龟","霄云路18号","E073790482633","2019-04-22"
"杨轮翰","541721197407214061","七圣中街12号院爱琴海购物中心五层","13808295694","鲈鱼","杨镇汉石桥湿地停车场向北800米","E009370917608","2019-03-26"
"汪怡婵","610212198412044193","成寿寺路205号","15702902559","花鲢","永定镇梧桐苑7号院底商109号","D017539776358","2019-06-30"
"雷轮翰","610622197303216901","十八里店南桥全聚德向西200米","15600276859","青蛙","双榆树北路61号","O015243634054","2019-06-10"
"魏霭","611026198501023760","德胜门西大街甲56号","15302018098","鲢鱼","东兴隆街56号北京商界2楼西侧","K021203408767","2019-05-11"
"严琛","611101197405258243","建国路87号北京SKPA区六层","15200067084","中华鲟","石门村东路12号","H082593218139","2019-06-08"
"冯静淑","611105198709214466","复兴路69号院2号华熙LIVE.hi-up东区B1层","13306336287","太阳鱼","食寶街美食城","J034301650130","2019-05-02"
"孙达安","611107197309055865","沿河景观路84-1号","15903968697","泥鳅","朝内南小街139号","S004480869454","2019-03-26"
"昌强军","611326197710098626","复兴门内大街51号民族饭店2层","13706872040","鲈鱼","工人体育场东路20号春平购物广场底商1层","H015542478313","2019-03-11"
"舒以","620114198302181346","魏公村军艺附近","15100768186","牛蛙","石佛营东里甲1号","M075262218273","2019-04-23"
"雷政谦","620228199301289159","大董村路口西北100米","15800524790","乌鳢","雁栖镇京加路跃进北京世升旁","H063887592694","2019-04-19"
"米强军","620511199011214095","清华西路28号圆明园小南园","13701935306","牛蛙","八里庄慈云寺1号院东区国际3号楼C座3A07","C002140274017","2019-04-08"
"邵辰","620620197012195419","双榆树西里双榆树三街3号","13708541422","鳗鱼","天通苑国泰东三区2号楼","E067889094057","2019-05-05"
"水仪","620701199605237767","东四五条139号","15700411714","鳡鱼","纪家庙路与丰台东路交叉口","N095258015092","2019-05-03"
"韦哲","621118198012245389","亦庄经济技术开发区荣华南路9号院2号楼","13903413646","青鱼","黄松峪乡刁窝村36号","N060482395068","2019-04-13"
"庞世","630408198410177439","霄云路26号","13301726436","鳡鱼","光华路15号伯豪瑞廷3层","P082741856338","2019-04-03"
"蓝强军","631019197004246102","昌平十三陵镇长陵园村南门天香百味小砂锅","13304604951","中华鳖","地安门西大街119号","N028555039185","2019-05-20"
"费新","640424198011243223","平房天主堂南门向西一百米","13508320250","鲈鱼","太师屯镇光明村一号","N013157877189","2019-04-29"
"薛亮","641707198710264628","顺平路","15908798130","鳄 龟","建国路91号金地广场3层","A062965435697","2019-06-06"
"章祥","650425199604087403","东三环南路54号劲松桥东北角","15907160735","泥鳅","小营路5号","K081931308837","2019-04-05"
"安梅","650716197003282501","朝阳红军营东路","13203627215","巴西龟","高碑店北路甘露园19号院","S071137871751","2019-06-06"
"屈婵","650901199602157727","东四十四条75号","13608314036","巴西龟","恒惠路建外SOHO西区11号楼1109室","K002774523017","2019-05-22"
"穆芬芳","651225197202254022","王佐镇南宫长青路","15102756369","鲢鱼","十八里店横街子16号","F019101111205","2019-04-30"
"苗山仁","651426198606168147","朝阳北路14号楼","15000137316","丁桂鱼","金宝街50号-1号","K068208948756","2019-06-03"
"安哲","710505197207098638","东北旺路二号西一","15905338398","中华鲟","香山清琴麓院","R032165065662","2019-06-15"
"谈珠","710712198109043356","东直门内大街282号","13306582346","中华鲟","月亮河河滨路1号","O046181725908","2019-03-04"
"黄嘉","710907199902062891","双龙南里","15903042293","牛蛙","清河中街68号华润五彩城购物中心西区4层","I095054588748","2019-04-18"
"余磊民","710928197809214203","万泉河路小南庄400号龙都宾馆院内","13906467595","鲢鱼","朝阳门外日坛北路日坛公园东北角","E000162585800","2019-04-21"
"汪健世","711016197311195754","东土城路14号建达大厦2楼","13800016461","南美白对虾","双桥中路双桥医院南侧","R084504132556","2019-06-22"
"花民","711019197704282954","新源街18号京客隆北","15308614884","大闸蟹","枣营北里14号楼","O009220865065","2019-03-03"
"蒋梁栋","711026197807153191","德胜门西大街甲56号","13707606906","武昌鱼","王府井银泰in88五层","L082949147107","2019-03-03"
"于克伦","711305197307259028","复兴门内大街101号百盛购物中心北楼10层","13306374009","鲫鱼","西客站南路东局乙8号","S050828808751","2019-05-21"
"卜斌","711413198409205886","绿地缤纷城2期3层","15907201949","鲶鱼","志新东路志新小区33号楼底商","H017533937344","2019-03-08"
"苏诚先","711423198207166966","京加路雁西湖北金隅水泥厂对面","15603993779","加州鲈","新国展中粮祥云小镇六号院九号楼203室","A015574211314","2019-05-13"
"席娟","711621199303299649","阜石路165号","13205834371","加州鲈","太仆寺街48号","Q065983030728","2019-05-17"
"任凤","711708197607065261","雁栖镇京加路跃进北京世升旁","13607608500","花鲢","东轴斜街6号","M029078172992","2019-05-02"
"姚达安","711817198609143964","梨园镇九棵树14号","13207406972","青蟹","长兴路12号中体奥园一区","J079750194858","2019-03-12"
"酆学祥","711828198303124598","亚运村安慧里一区四号楼1楼","13905046034","鲶鱼","古北水镇沙岭81-2","G034241622990","2019-03-04"
"倪学祥","810108197002229797","青春路北口供电局对面","13600537230","鳡鱼","玉泉西里二区38号楼-1层D06商业","R008552916978","2019-03-19"
"舒龙","810122199307056445","朝阳路花北西社区","15506684471","鲢鱼","槐柏树街北里甲2-4","Q096579090669","2019-05-24"
"席安","810315197301059230","双井双花园南里2区13号楼商业4号","13204770841","鳡鱼","西四南大街65号","K089356584893","2019-04-20"
"吕真环","810505199610098344","李桥镇右堤路明利平价超市对面","15703355854","鳄 龟","狼垡一村一条北口","R045489175515","2019-03-10"
"卞安","811201199507151755","东直门内大街282号","15607232643","乌鳢","顺一条8号","B080383763024","2019-05-05"
"尹娥玲","811204197901162607","天通苑北三区1号万合广场3楼","13000881315","草鱼","和平里七区三十号楼1号底商","M096019778138","2019-04-30"
"臧安","811213198606121770","北新华街96号","15806371781","武昌鱼","和平里东街12号","R067167915834","2019-05-23"
"倪朋斌","811312198509169270","小营路5号","15108821535","青蛙","西三旗桥东新都东路1号","K074363812314","2019-06-08"
"孟馨","811727199605195858","台湖镇定海园三里10号楼","15701664431","青蛙","庙城镇庙城村十字街路北东侧C04号","N070650715467","2019-03-22"
